symbol,trigger_date,trigger_ts,oi_mc,oi_coins,oi_usd,mc_usd,surge_15m,price_before_24h,price_at_trigger,price_after_24h,price_after_48h,price_after_7d,change_before_24h_pct,return_24h_pct,return_48h_pct,return_7d_pct
ZEREBRO/USDT,2025-03-04,2025-03-04 05:00:00,0.2583,258314702.0,18133692.0,70196544.0,0.1359,0.0528,0.0702,0.0427,0.0385,0.0309,32.95,-39.17,-45.16,-55.98
DEGO/USDT,2025-03-07,2025-03-07 09:30:00,0.2561,5377363.0,10684283.0,41724900.0,0.1462,1.5262,1.9869,1.9682,2.0304,1.8626,30.19,-0.94,2.19,-6.26
HEI/USDT,2025-03-14,2025-03-14 05:15:00,0.2329,20417607.0,10008711.0,42976786.0,0.1405,0.4303,0.4902,0.5399,0.5414,0.49,13.92,10.14,10.44,-0.04
TUT/USDT,2025-03-27,2025-03-27 17:15:00,0.6132,512468566.0,20754977.0,33849132.0,1.4635,0.01713,0.0405,0.03925,0.04445,0.02365,136.43,-3.09,9.75,-41.6
VINE/USDT,2025-03-29,2025-03-29 01:15:00,0.3514,351429240.0,14429685.0,41058798.0,0.2446,0.02621,0.04106,0.03081,0.03417,0.03276,56.66,-24.96,-16.78,-20.21
HIPPO/USDT,2025-04-01,2025-04-01 19:00:00,0.2674,2673613755.0,12699665.0,47500000.0,0.2148,0.00419,0.00475,0.00374,0.00344,0.00182,13.37,-21.26,-27.58,-61.68
HIPPO/USDT,2025-04-09,2025-04-09 17:45:00,0.361,3609709084.0,8302331.0,23000000.0,0.15,0.00179,0.0023,0.00225,0.00251,0.0018,28.49,-2.17,9.13,-21.74
BR/USDT,2025-04-12,2025-04-12 16:15:00,0.2215,55663442.0,3423302.0,15451875.0,0.1538,0.0537,0.0615,0.0576,0.0478,0.04218,14.53,-6.34,-22.28,-31.41
SHELL/USDT,2025-04-16,2025-04-16 05:45:00,0.2165,58456252.0,7827292.0,36153000.0,0.1494,0.1126,0.1339,0.1247,0.1305,0.1664,18.92,-6.87,-2.54,24.27
FHE/USDT,2025-04-17,2025-04-17 15:00:00,0.2177,54197740.0,3897359.0,17905590.0,0.1563,0.06373,0.07191,0.07897,0.08653,0.09933,12.84,9.82,20.33,38.13
MEME/USDT,2025-04-18,2025-04-18 07:00:00,7.1982,7195454096.0,13894422.0,1930262.0,0.2737,0.001443,0.001931,0.002114,0.002207,0.002218,33.82,9.48,14.29,14.86
MAGIC/USDT,2025-04-19,2025-04-19 16:00:00,0.2578,84463982.0,8480184.0,32891541.0,0.1094,0.0754,0.1004,0.1892,0.242,0.2117,33.16,88.45,141.04,110.86
HIPPO/USDT,2025-04-20,2025-04-20 21:30:00,0.266,2659820328.0,6069710.0,22820000.0,0.1159,0.001971,0.002282,0.00204,0.002269,0.002601,15.78,-10.6,-0.57,13.98
MUBARAK/USDT,2025-04-20,2025-04-20 04:30:00,0.4545,454457320.0,12874776.0,28330000.0,0.1127,0.02564,0.02833,0.03124,0.03062,0.03435,10.49,10.27,8.08,21.25
PIXEL/USDT,2025-04-21,2025-04-21 14:30:00,0.248,191204381.0,7642439.0,30818535.0,0.125,0.03146,0.03997,0.0398,0.04434,0.03992,27.05,-0.43,10.93,-0.13
JELLYJELLY/USDT,2025-04-23,2025-04-23 13:45:00,0.3971,397103268.0,7270961.0,18309984.0,0.1387,0.0113,0.01831,0.02351,0.02622,0.03547,62.04,28.4,43.2,93.72
KOMA/USDT,2025-04-23,2025-04-23 03:30:00,0.3164,191707152.0,5592098.0,17675688.0,0.1172,0.02358,0.02917,0.02248,0.0231,0.02215,23.71,-22.93,-20.81,-24.07
PNUT/USDT,2025-04-23,2025-04-23 16:45:00,1.726,172596208.0,29669288.0,17190000.0,0.1042,0.13872,0.1719,0.16108,0.17555,0.17292,23.92,-6.29,2.12,0.59
SWARMS/USDT,2025-04-23,2025-04-23 02:30:00,0.2597,259680927.0,9470563.0,36469447.0,0.3492,0.02117,0.03647,0.02859,0.02934,0.02964,72.27,-21.61,-19.55,-18.73
FHE/USDT,2025-04-25,2025-04-25 23:45:00,0.2434,60605358.0,7048403.0,28958700.0,0.1004,0.09981,0.1163,0.09333,0.09714,0.10747,16.52,-19.75,-16.47,-7.59
TUT/USDT,2025-04-25,2025-04-25 07:00:00,0.3866,323077730.0,10907104.0,28215968.0,0.1871,0.02744,0.03376,0.02804,0.02664,0.02845,23.03,-16.94,-21.09,-15.73
BMT/USDT,2025-04-27,2025-04-27 09:15:00,0.3827,98039682.0,11196132.0,29255859.0,0.1044,0.0912,0.1142,0.1236,0.1264,0.1498,25.22,8.23,10.68,31.17
MUBARAK/USDT,2025-04-27,2025-04-27 11:30:00,0.3939,393907716.0,16087191.0,40840000.0,0.1026,0.03423,0.04084,0.03708,0.03237,0.02981,19.31,-9.21,-20.74,-27.01
HAEDAL/USDT,2025-05-02,2025-05-02 03:15:00,0.2529,49307991.0,7550976.0,29862105.0,0.2367,0.114356,0.153139,0.190078,0.146001,0.136819,33.91,24.12,-4.66,-10.66
STO/USDT,2025-05-02,2025-05-02 10:15:00,0.2969,66898562.0,12041741.0,40560000.0,0.4088,0.12305,0.18,0.21389,0.16983,0.14838,46.28,18.83,-5.65,-17.57
VINE/USDT,2025-05-02,2025-05-02 16:00:00,0.2024,202398500.0,12301781.0,60778220.0,0.1049,0.04469,0.06078,0.04827,0.03861,0.0471,36.0,-20.58,-36.48,-22.51
KOMA/USDT,2025-05-08,2025-05-08 16:45:00,0.4039,244757655.0,6307405.0,15615444.0,0.2207,0.01716,0.02577,0.03283,0.0307,0.02623,50.17,27.4,19.13,1.79
PNUT/USDT,2025-05-08,2025-05-08 16:30:00,1.8016,180159019.0,38310815.0,21265000.0,0.1458,0.15,0.21265,0.30505,0.3381,0.3614,41.77,43.45,58.99,69.95
MUBARAK/USDT,2025-05-10,2025-05-10 00:00:00,0.4305,430453316.0,28917854.0,67180000.0,0.1161,0.03149,0.06718,0.04659,0.05106,0.0472,113.34,-30.65,-24.0,-29.74
HIPPO/USDT,2025-05-14,2025-05-14 09:30:00,0.2374,2373519451.0,11428496.0,48150000.0,0.1472,0.003561,0.004815,0.003195,0.003856,0.003037,35.21,-33.64,-19.92,-36.93
HAEDAL/USDT,2025-05-21,2025-05-21 10:00:00,0.474,92422887.0,14337840.0,30250935.0,0.1703,0.128441,0.155133,0.196612,0.175114,0.159519,20.78,26.74,12.88,2.83
STO/USDT,2025-05-22,2025-05-22 05:00:00,0.2615,58926512.0,8762962.0,33509320.0,0.1207,0.11867,0.14871,0.12894,0.13149,0.11826,25.31,-13.29,-11.58,-20.48
JELLYJELLY/USDT,2025-06-13,2025-06-13 16:15:00,0.5625,562500352.0,17128136.0,30449973.0,0.1775,0.02378,0.03045,0.02848,0.03016,0.02932,28.05,-6.47,-0.95,-3.71
HAEDAL/USDT,2025-06-16,2025-06-16 09:00:00,0.3983,77671205.0,9576471.0,24042525.0,0.1929,0.099741,0.123295,0.11142,0.121333,0.12693,23.62,-9.63,-1.59,2.95
MYX/USDT,2025-06-21,2025-06-21 09:45:00,0.3418,65196195.0,4839514.0,14160778.0,0.1535,0.06046,0.07423,0.06101,0.08729,0.1264,22.78,-17.81,17.59,70.28
BR/USDT,2025-06-23,2025-06-23 21:30:00,0.3622,91003805.0,7069176.0,19517100.0,0.504,0.04776,0.07768,0.07976,0.07958,0.07979,62.65,2.68,2.45,2.72
FUN/USDT,2025-06-23,2025-06-23 03:30:00,3.1035,3076471992.0,32533691.0,10482756.0,0.1102,0.007532,0.010575,0.009937,0.009736,0.009996,40.4,-6.03,-7.93,-5.48
H/USDT,2025-06-25,2025-06-25 13:30:00,1.2249,138954445.0,6519743.0,5322632.0,0.1677,0.03771,0.04692,0.02226,0.02086,0.07382,24.42,-52.56,-55.54,57.33
H/USDT,2025-07-02,2025-07-02 02:45:00,2.7238,308990768.0,24966454.0,9166000.0,0.1183,0.045,0.0808,0.06367,0.07759,0.05568,79.56,-21.2,-3.97,-31.09
BR/USDT,2025-07-03,2025-07-03 22:00:00,0.3503,88011719.0,10420588.0,29748000.0,0.3031,0.07971,0.1184,0.128,0.12794,0.07153,48.54,8.11,8.06,-39.59
MYX/USDT,2025-07-06,2025-07-06 21:30:00,1.1483,219066361.0,27643984.0,24073132.0,0.1262,0.0597,0.12619,0.09953,0.10693,0.0801,111.37,-21.13,-15.26,-36.52
ALPINE/USDT,2025-07-07,2025-07-07 09:30:00,0.3632,4126306.0,3700884.0,10188784.0,0.1167,0.6618,0.8969,0.8571,0.8433,0.8808,35.52,-4.44,-5.98,-1.8
VIC/USDT,2025-07-07,2025-07-07 06:15:00,0.6405,80588261.0,18092065.0,28246611.0,0.1208,0.1528,0.2245,0.319,0.3137,0.3153,46.92,42.09,39.73,40.45
JELLYJELLY/USDT,2025-07-09,2025-07-09 23:15:00,0.3269,326917044.0,7829663.0,23949978.0,0.1757,0.01988,0.02395,0.0246,0.02356,0.02355,20.47,2.71,-1.63,-1.67
ZEREBRO/USDT,2025-07-09,2025-07-09 23:30:00,0.4465,446525268.0,15659641.0,35068274.0,0.2711,0.0265,0.03507,0.03226,0.03191,0.03333,32.34,-8.01,-9.01,-4.96
STO/USDT,2025-07-10,2025-07-10 15:00:00,0.232,52282073.0,5976364.0,25757853.0,0.1408,0.06788,0.11431,0.09044,0.08075,0.08976,68.4,-20.88,-29.36,-21.48
HIPPO/USDT,2025-07-13,2025-07-13 20:00:00,0.2427,2426791010.0,6161622.0,25390000.0,0.1063,0.001899,0.002539,0.002188,0.002672,0.002465,33.7,-13.82,5.24,-2.91
EPIC/USDT,2025-07-18,2025-07-18 20:15:00,0.349,6684945.0,16371431.0,46907201.0,0.142,1.1125,2.449,1.8514,2.5558,2.0856,120.13,-24.4,4.36,-14.84
FHE/USDT,2025-07-20,2025-07-20 17:00:00,0.3651,90905093.0,7455127.0,20420490.0,0.1472,0.07059,0.08201,0.06197,0.0592,0.05413,16.18,-24.44,-27.81,-34.0
M/USDT,2025-07-20,2025-07-20 18:00:00,0.2672,26718881.0,11852496.0,44360000.0,0.1205,0.336,0.4436,0.4069,0.3819,0.3275,32.02,-8.27,-13.91,-26.17
TA/USDT,2025-07-21,2025-07-21 07:30:00,0.2909,52354997.0,8916056.0,30654000.0,0.307,0.1703,0.1703,0.1051,0.1022,0.0771,0.0,-38.29,-39.99,-54.73
PIPPIN/USDT,2025-07-22,2025-07-22 01:30:00,0.3163,316270780.0,7470316.0,23618511.0,0.1048,0.01921,0.02362,0.02282,0.02052,0.01566,22.96,-3.39,-13.12,-33.7
H/USDT,2025-07-23,2025-07-23 16:15:00,1.4812,168027450.0,10824328.0,7307843.0,0.1543,0.05189,0.06442,0.0515,0.05053,0.04014,24.15,-20.06,-21.56,-37.69
FHE/USDT,2025-07-30,2025-07-30 16:00:00,0.4215,104954776.0,6822060.0,16185000.0,0.1096,0.04953,0.065,0.06144,0.06961,0.07119,31.23,-5.48,7.09,9.52
VIC/USDT,2025-07-30,2025-07-30 04:45:00,0.2012,25319339.0,7529971.0,37418896.0,0.1176,0.2403,0.2974,0.2738,0.2622,0.2734,23.76,-7.94,-11.84,-8.07
MEME/USDT,2025-07-31,2025-07-31 15:30:00,7.4806,7477697092.0,15433967.0,2063211.0,0.155,0.001728,0.002064,0.001971,0.001809,0.001705,19.44,-4.51,-12.35,-17.39
M/USDT,2025-08-02,2025-08-02 16:15:00,0.3129,31292390.0,13931372.0,44520000.0,0.1421,0.3571,0.4452,0.4353,0.559,0.4734,24.67,-2.22,25.56,6.33
MYX/USDT,2025-08-03,2025-08-03 20:15:00,0.5805,110744105.0,19341458.0,33317795.0,0.1073,0.11152,0.17465,0.43204,1.73772,1.69974,56.61,147.37,894.97,873.23
TST/USDT,2025-08-06,2025-08-06 17:45:00,0.5837,550355057.0,24716446.0,42347796.0,0.1158,0.0403,0.04491,0.02681,0.02623,0.02636,11.44,-40.3,-41.59,-41.3
TA/USDT,2025-08-07,2025-08-07 08:00:00,0.3715,66861685.0,4325951.0,11646000.0,0.1679,0.0547,0.0647,0.0629,0.0661,0.05738,18.28,-2.78,2.16,-11.31
FIO/USDT,2025-08-08,2025-08-08 13:45:00,0.3729,314211599.0,6510464.0,17458397.0,0.1027,0.01743,0.02072,0.02297,0.0204,0.0181,18.88,10.86,-1.54,-12.64
BULLA/USDT,2025-08-09,2025-08-09 16:30:00,0.2523,70655308.0,7822956.0,31001600.0,0.1146,0.0772,0.11072,0.08508,0.08134,0.08207,43.42,-23.16,-26.54,-25.88
GTC/USDT,2025-08-13,2025-08-13 14:30:00,0.2533,22158208.0,10414358.0,41121006.0,0.1809,0.303,0.47,0.414,0.363,0.325,55.12,-11.91,-22.77,-30.85
ALPINE/USDT,2025-08-15,2025-08-15 16:30:00,1.4561,16541646.0,27065442.0,18587232.0,0.1293,1.3548,1.6362,2.192,2.448,2.0121,20.77,33.97,49.61,22.97
FHE/USDT,2025-08-22,2025-08-22 18:45:00,0.6958,173264194.0,12509675.0,17977800.0,0.1526,0.0482,0.0722,0.08216,0.06668,0.05201,49.79,13.8,-7.65,-27.96
HEI/USDT,2025-08-22,2025-08-22 14:45:00,0.2256,19782868.0,9422580.0,41758146.0,0.1255,0.4165,0.4763,0.467,0.4717,0.4554,14.36,-1.95,-0.97,-4.39
BR/USDT,2025-08-23,2025-08-23 09:15:00,0.2644,66433762.0,3815955.0,14431800.0,0.144,0.04999,0.05744,0.07666,0.07416,0.07701,14.9,33.46,29.11,34.07
M/USDT,2025-08-24,2025-08-24 13:15:00,0.2229,22292334.0,10604463.0,47570000.0,0.1182,0.4316,0.4757,0.4407,0.44,0.6475,10.22,-7.36,-7.5,36.12
PARTI/USDT,2025-08-26,2025-08-26 06:15:00,0.2176,50694573.0,9672525.0,44456400.0,0.1029,0.169,0.1908,0.1828,0.1872,0.1853,12.9,-4.19,-1.89,-2.88
TA/USDT,2025-08-29,2025-08-29 14:00:00,0.7192,129463927.0,10173275.0,14144400.0,0.1226,0.05585,0.07858,0.13272,0.09782,0.14279,40.7,68.9,24.48,81.71
HEMI/USDT,2025-08-31,2025-08-31 04:30:00,0.2633,257367315.0,6009527.0,22824625.0,0.148,0.021229,0.02335,0.026469,0.03215,0.036782,9.99,13.36,37.69,57.52
Q/USDT,2025-09-02,2025-09-02 07:30:00,0.3228,286783109.0,3169814.0,9820164.0,0.2014,0.011053,0.011053,0.009639,0.00895,0.016474,0.0,-12.79,-19.03,49.05
JELLYJELLY/USDT,2025-09-03,2025-09-03 16:00:00,1.0555,1055502959.0,36362077.0,34449969.0,0.1024,0.02635,0.03445,0.0399,0.04071,0.04202,30.74,15.82,18.17,21.97
ESPORTS/USDT,2025-09-04,2025-09-04 08:00:00,0.219,33246843.0,4236645.0,19343874.0,0.1264,0.10736,0.12743,0.11536,0.1101,0.12779,18.69,-9.47,-13.6,0.28
BMT/USDT,2025-09-07,2025-09-07 16:15:00,0.2102,53849542.0,3940171.0,18744756.0,0.1274,0.06147,0.07317,0.06854,0.06479,0.07129,19.03,-6.33,-11.45,-2.57
AIO/USDT,2025-09-08,2025-09-08 17:30:00,0.2055,47320599.0,6158776.0,29967037.0,0.2127,0.07326,0.13015,0.10543,0.10241,0.12976,77.65,-18.99,-21.31,-0.3
TA/USDT,2025-09-08,2025-09-08 12:00:00,0.7887,141966464.0,34433966.0,43659000.0,0.2216,0.10347,0.24255,0.15734,0.15217,0.11461,134.42,-35.13,-37.26,-52.75
XNY/USDT,2025-09-08,2025-09-08 11:30:00,0.5451,1362835454.0,16269530.0,29845000.0,0.116,0.007833,0.011938,0.01091,0.01191,0.009114,52.41,-8.61,-0.23,-23.66
TST/USDT,2025-09-10,2025-09-10 10:45:00,0.4369,411943425.0,13252220.0,30334638.0,0.1489,0.02544,0.03217,0.0275,0.02718,0.04615,26.45,-14.52,-15.51,43.46
F/USDT,2025-09-11,2025-09-11 10:00:00,0.5544,554375859.0,5614164.0,10127000.0,0.1446,0.006697,0.010127,0.008996,0.014417,0.01755,51.22,-11.17,42.36,73.3
HEMI/USDT,2025-09-11,2025-09-11 20:45:00,0.2027,198132348.0,10397986.0,51299200.0,0.1609,0.040593,0.05248,0.040786,0.049491,0.061599,29.28,-22.28,-5.7,17.38
NAORIS/USDT,2025-09-11,2025-09-11 00:15:00,0.2527,151444677.0,15732073.0,62251129.0,0.1754,0.03421,0.10388,0.07402,0.08058,0.05742,203.65,-28.74,-22.43,-44.72
ASR/USDT,2025-09-12,2025-09-12 13:45:00,0.238,1981137.0,5509542.0,23145126.0,0.1053,2.458,2.781,2.599,2.615,2.443,13.14,-6.54,-5.97,-12.15
H/USDT,2025-09-13,2025-09-13 16:45:00,2.0946,237611348.0,17288602.0,8253937.0,0.1177,0.04292,0.07276,0.05523,0.04367,0.05654,69.52,-24.09,-39.98,-22.29
Q/USDT,2025-09-13,2025-09-13 22:45:00,0.3845,341628859.0,8144090.0,21180032.0,0.1092,0.01667,0.023839,0.02266,0.026979,0.028569,43.01,-4.95,13.17,19.84
BTR/USDT,2025-09-14,2025-09-14 12:45:00,0.2653,95476670.0,13259800.0,49988462.0,0.1237,0.08991,0.13888,0.10483,0.10752,0.10524,54.47,-24.52,-22.58,-24.22
MUBARAK/USDT,2025-09-17,2025-09-17 02:15:00,0.3294,329396621.0,14196994.0,43100000.0,0.1244,0.03028,0.0431,0.03547,0.0389,0.03292,42.34,-17.7,-9.74,-23.62
TST/USDT,2025-09-17,2025-09-17 02:15:00,0.6068,572158077.0,39805037.0,65600895.0,0.2739,0.02717,0.06957,0.04636,0.04646,0.03485,156.05,-33.36,-33.22,-49.91
LA/USDT,2025-09-18,2025-09-18 10:00:00,0.6964,42257119.0,23363961.0,33549972.0,0.4508,0.3588,0.5529,0.3827,0.364,0.3694,54.1,-30.78,-34.17,-33.19
F/USDT,2025-09-21,2025-09-21 08:30:00,0.3131,313137127.0,5905766.0,18860000.0,0.1222,0.017236,0.01886,0.016217,0.014594,0.012544,9.42,-14.01,-22.62,-33.49
IN/USDT,2025-09-24,2025-09-24 08:15:00,0.2487,75709511.0,6944833.0,27923504.0,0.2361,0.06063,0.09173,0.08933,0.07853,0.09097,51.29,-2.62,-14.39,-0.83
XPIN/USDT,2025-09-28,2025-09-28 15:15:00,0.5358,8286393110.0,7925935.0,14792272.0,0.1045,0.0008371,0.0009565,0.0008396,0.0007278,0.0009059,14.26,-12.22,-23.91,-5.29
SUPER/USDT,2025-09-29,2025-09-29 08:45:00,2.0077,25898420.0,17965734.0,8948614.0,0.3382,0.5153,0.6937,0.6108,0.5908,0.6091,34.62,-11.95,-14.83,-12.2
Q/USDT,2025-10-06,2025-10-06 15:45:00,0.4313,383160870.0,18773350.0,43531057.0,0.1226,0.03122,0.048996,0.048186,0.026829,0.025327,56.94,-1.65,-45.24,-48.31
KOMA/USDT,2025-10-07,2025-10-07 23:45:00,0.2965,179688346.0,4542521.0,15318526.0,0.1857,0.02077,0.02528,0.02762,0.02545,0.01856,21.71,9.26,0.67,-26.58
BMT/USDT,2025-10-08,2025-10-08 04:00:00,0.2106,53953545.0,3717939.0,17653426.0,0.1169,0.06456,0.06891,0.06762,0.06761,0.04309,6.74,-1.87,-1.89,-37.47
STO/USDT,2025-10-09,2025-10-09 11:30:00,0.2651,59733308.0,12277584.0,46315013.0,0.1307,0.17272,0.20554,0.21162,0.17636,0.17648,19.0,2.96,-14.2,-14.14
ZEREBRO/USDT,2025-10-11,2025-10-11 15:45:00,0.6036,603525114.0,26156778.0,43337867.0,0.2483,0.01664,0.04334,0.02988,0.04378,0.0357,160.46,-31.06,1.02,-17.63
EVAA/USDT,2025-10-13,2025-10-13 08:00:00,0.3909,2586939.0,6656971.0,17030027.0,0.1064,1.9045,2.5733,1.9872,2.5929,3.3447,35.12,-22.78,0.76,29.98
H/USDT,2025-10-13,2025-10-13 22:45:00,2.1076,239084657.0,41794389.0,19830549.0,0.1116,0.0747,0.17481,0.14182,0.12546,0.13615,134.02,-18.87,-28.23,-22.12
SKYAI/USDT,2025-10-13,2025-10-13 04:00:00,0.2069,206906748.0,11826790.0,57160000.0,0.1842,0.01695,0.05716,0.0386,0.03202,0.02631,237.23,-32.47,-43.98,-53.97
TA/USDT,2025-10-15,2025-10-15 14:15:00,0.5858,105452646.0,10708716.0,18279000.0,0.1339,0.04341,0.10155,0.05115,0.05049,0.04562,133.93,-49.63,-50.28,-55.08
SUPER/USDT,2025-10-16,2025-10-16 00:00:00,1.1595,14957526.0,7302264.0,6297698.0,0.127,0.4327,0.4882,0.416,0.3796,0.3719,12.83,-14.79,-22.24,-23.82
XPIN/USDT,2025-10-16,2025-10-16 23:30:00,0.4055,6271270875.0,18283263.0,45086661.0,0.1675,0.001142,0.0029154,0.0036384,0.0035829,0.0084683,155.29,24.8,22.9,190.47
ARC/USDT,2025-10-18,2025-10-18 08:00:00,0.3011,310133934.0,4168200.0,13843200.0,0.1332,0.01059,0.01344,0.01328,0.01398,0.0131,26.91,-1.19,4.02,-2.53
FHE/USDT,2025-10-18,2025-10-18 00:00:00,0.3474,86505858.0,5366823.0,15447960.0,0.1763,0.03321,0.06204,0.0377,0.03448,0.03906,86.81,-39.23,-44.42,-37.04
KOMA/USDT,2025-10-18,2025-10-18 05:30:00,0.2888,175022515.0,4193539.0,14518666.0,0.1586,0.01785,0.02396,0.02071,0.02061,0.01901,34.23,-13.56,-13.98,-20.66
MLN/USDT,2025-10-19,2025-10-19 11:30:00,0.4056,1329058.0,14610334.0,36024826.0,0.1732,5.357,10.993,15.585,9.177,8.044,105.21,41.77,-16.52,-26.83
F/USDT,2025-10-21,2025-10-21 05:00:00,0.652,651993806.0,12085357.0,18536000.0,1.0242,0.009729,0.018536,0.011643,0.014915,0.017501,90.52,-37.19,-19.53,-5.58
BAS/USDT,2025-10-23,2025-10-23 02:15:00,0.3047,761653891.0,12133146.0,39825000.0,0.1835,0.00977,0.01593,0.01584,0.0145,0.01429,63.05,-0.56,-8.98,-10.3
PIPPIN/USDT,2025-10-23,2025-10-23 15:00:00,0.5396,539614856.0,10776109.0,19968741.0,0.2229,0.01506,0.01997,0.02861,0.02502,0.01846,32.6,43.26,25.29,-7.56
H/USDT,2025-10-24,2025-10-24 18:45:00,1.6097,182604671.0,56777270.0,35272082.0,0.1203,0.14669,0.31093,0.34559,0.37116,0.27871,111.96,11.15,19.37,-10.36
FUN/USDT,2025-10-28,2025-10-28 04:45:00,0.9438,935576870.0,3938779.0,4173277.0,0.1079,0.003497,0.00421,0.00329,0.003314,0.002595,20.39,-21.85,-21.28,-38.36
KERNEL/USDT,2025-10-28,2025-10-28 07:00:00,0.2293,65653252.0,13820010.0,60267838.0,0.2758,0.1739,0.2105,0.1603,0.1399,0.0996,21.05,-23.85,-33.54,-52.68
ENSO/USDT,2025-10-29,2025-10-29 06:30:00,0.3407,7015817.0,16045174.0,47089330.0,0.2269,1.871,2.287,1.572,1.468,1.135,22.23,-31.26,-35.81,-50.37
OL/USDT,2025-10-29,2025-10-29 09:15:00,0.3331,259949000.0,10837274.0,32530006.0,0.1044,0.03606,0.04169,0.03446,0.03068,0.02114,15.61,-17.34,-26.41,-49.29
LAB/USDT,2025-10-30,2025-10-30 18:15:00,0.6238,47746422.0,9089009.0,14571315.0,0.208,0.14407,0.19036,0.20769,0.16683,0.15256,32.13,9.1,-12.36,-19.86
PIPPIN/USDT,2025-10-30,2025-10-30 19:30:00,0.341,340987566.0,11136654.0,32657941.0,0.3711,0.01892,0.03266,0.03736,0.03894,0.03017,72.62,14.39,19.23,-7.62
SOLV/USDT,2025-11-03,2025-11-03 15:45:00,0.3893,577136198.0,12506541.0,32127942.0,0.1113,0.01968,0.02167,0.02009,0.01745,0.0174,10.11,-7.29,-19.47,-19.7
ALPINE/USDT,2025-11-04,2025-11-04 16:30:00,0.2758,3133536.0,2419716.0,8772192.0,0.1366,0.6491,0.7722,0.6812,0.6588,0.7295,18.96,-11.78,-14.69,-5.53
ENSO/USDT,2025-11-05,2025-11-05 03:00:00,0.2473,5092133.0,6029085.0,24378560.0,0.1138,1.078,1.184,1.058,1.071,1.028,9.83,-10.64,-9.54,-13.18
HIPPO/USDT,2025-11-05,2025-11-05 18:30:00,0.4363,4362955456.0,10017346.0,22960000.0,0.3326,0.00184,0.002296,0.0021,0.007076,0.007168,24.78,-8.54,208.19,212.2
TST/USDT,2025-11-05,2025-11-05 07:45:00,0.3626,341870842.0,6088720.0,16793905.0,0.1258,0.01491,0.01781,0.01813,0.01833,0.01791,19.45,1.8,2.92,0.56
RESOLV/USDT,2025-11-06,2025-11-06 08:00:00,0.2886,111304667.0,10311264.0,35734583.0,0.1608,0.0556,0.09264,0.07399,0.08576,0.13214,66.62,-20.13,-7.43,42.64
FLUX/USDT,2025-11-07,2025-11-07 16:45:00,3.106,16512956.0,3708810.0,1194077.0,0.8245,0.0956,0.2246,0.2157,0.1854,0.1552,134.94,-3.96,-17.45,-30.9
LAB/USDT,2025-11-07,2025-11-07 12:45:00,0.4755,36396964.0,8359655.0,17581108.0,0.1228,0.14228,0.22968,0.17535,0.17894,0.12352,61.43,-23.65,-22.09,-46.22
TA/USDT,2025-11-10,2025-11-10 17:00:00,0.6712,120821343.0,11992727.0,17866800.0,0.2415,0.04293,0.09926,0.04348,0.04067,0.0345,131.21,-56.2,-59.03,-65.24
SUPER/USDT,2025-11-13,2025-11-13 01:15:00,0.813,10487713.0,3601481.0,4429802.0,0.1237,0.3008,0.3434,0.2749,0.2653,0.2297,14.16,-19.95,-22.74,-33.11
EVAA/USDT,2025-11-14,2025-11-14 03:00:00,0.6222,4117864.0,8466327.0,13606550.0,0.1217,1.652,2.056,1.216,1.414,1.11,24.46,-40.86,-31.23,-46.01
ZEREBRO/USDT,2025-11-15,2025-11-15 12:00:00,0.5668,566800634.0,25341656.0,44707799.0,0.1646,0.0335,0.04471,0.02977,0.02835,0.02294,33.46,-33.42,-36.59,-48.69
AKE/USDT,2025-11-18,2025-11-18 06:00:00,0.3262,7436354897.0,4530227.0,13887475.0,0.1014,0.0004655,0.0006092,0.0003544,0.0004507,0.0003531,30.87,-41.83,-26.02,-42.04
SKYAI/USDT,2025-11-18,2025-11-18 15:30:00,0.2086,208648020.0,5464492.0,26190000.0,0.4319,0.01853,0.02619,0.02248,0.02191,0.02158,41.34,-14.17,-16.34,-17.6
SOLV/USDT,2025-11-18,2025-11-18 10:15:00,0.462,684964270.0,11103271.0,24032946.0,0.1448,0.01432,0.01621,0.0161,0.01615,0.01691,13.2,-0.68,-0.37,4.32
BAS/USDT,2025-11-19,2025-11-19 14:15:00,0.2215,553820102.0,4264415.0,19250000.0,0.1883,0.0061,0.0077,0.005267,0.005252,0.005283,26.23,-31.6,-31.79,-31.39
TNSR/USDT,2025-11-19,2025-11-19 12:30:00,0.4437,148452222.0,7661619.0,17269080.0,0.1393,0.03762,0.05161,0.28826,0.21429,0.14927,37.19,458.54,315.21,189.23
ALLO/USDT,2025-11-21,2025-11-21 12:00:00,0.2114,46562919.0,10928317.0,51693445.0,0.1377,0.1626,0.2347,0.1614,0.1532,0.1636,44.34,-31.23,-34.73,-30.29
ENSO/USDT,2025-11-21,2025-11-21 17:45:00,0.2082,4286366.0,4149202.0,19931120.0,0.1101,0.808,0.968,0.808,0.77,0.7704,19.8,-16.53,-20.45,-20.41
JELLYJELLY/USDT,2025-11-21,2025-11-21 04:45:00,0.3288,328773027.0,17766894.0,54039951.0,0.1069,0.03679,0.05404,0.03758,0.04008,0.04018,46.89,-30.46,-25.83,-25.65
PARTI/USDT,2025-11-21,2025-11-21 18:15:00,0.3511,81815238.0,6199959.0,17656740.0,0.3841,0.06024,0.07578,0.06776,0.08352,0.10121,25.8,-10.58,10.21,33.56
PIXEL/USDT,2025-11-21,2025-11-21 00:30:00,0.2079,160293441.0,2563092.0,12328956.0,0.1058,0.01268,0.01599,0.01381,0.01276,0.01219,26.1,-13.63,-20.2,-23.76
PIPPIN/USDT,2025-11-22,2025-11-22 21:30:00,0.3553,355227765.0,10745640.0,30248093.0,0.1175,0.02219,0.03025,0.02798,0.06548,0.09855,36.32,-7.5,116.46,225.79
TA/USDT,2025-11-23,2025-11-23 07:00:00,0.5978,107611193.0,3130410.0,5236200.0,0.1099,0.02451,0.02909,0.02664,0.02776,0.02773,18.69,-8.42,-4.57,-4.68
BANANAS31/USDT,2025-11-24,2025-11-24 13:45:00,0.3103,3103429280.0,11861307.0,38220000.0,0.1198,0.002395,0.003822,0.003392,0.004421,0.003717,59.58,-11.25,15.67,-2.75
TRADOOR/USDT,2025-11-24,2025-11-24 08:00:00,0.2561,3674938.0,6269444.0,24479394.0,0.3245,0.994,1.706,1.168,1.514,5.111,71.63,-31.54,-11.25,199.59
H/USDT,2025-11-25,2025-11-25 15:15:00,0.9651,109480207.0,14740415.0,15273641.0,0.1105,0.12158,0.13464,0.15774,0.1222,0.12612,10.74,17.16,-9.24,-6.33
TAC/USDT,2025-11-26,2025-11-26 13:45:00,0.464,1282574143.0,13242578.0,28541786.0,0.5526,0.00426,0.010325,0.005708,0.005189,0.004622,142.37,-44.72,-49.74,-55.23
AKE/USDT,2025-11-27,2025-11-27 03:00:00,0.3143,7165806879.0,3463951.0,11019707.0,0.1234,0.0003514,0.0004834,0.0004005,0.0004309,0.0003859,37.56,-17.15,-10.86,-20.17
SUPER/USDT,2025-11-27,2025-11-27 11:15:00,2.9071,37500806.0,11133989.0,3829960.0,0.1091,0.2022,0.2969,0.2401,0.262,0.2589,46.83,-19.13,-11.75,-12.8
MLN/USDT,2025-11-28,2025-11-28 20:45:00,0.2311,757263.0,5724150.0,24771369.0,0.1106,5.3,7.559,5.787,6.056,5.065,42.62,-23.44,-19.88,-32.99
PARTI/USDT,2025-11-30,2025-11-30 13:30:00,0.6287,146477612.0,15923581.0,25329430.0,0.1448,0.09842,0.10871,0.10233,0.11628,0.12783,10.46,-5.87,6.96,17.59
JELLYJELLY/USDT,2025-12-01,2025-12-01 23:45:00,0.3009,300886222.0,13226958.0,43959960.0,0.1942,0.03659,0.04396,0.03931,0.04573,0.04009,20.14,-10.58,4.03,-8.8
TRADOOR/USDT,2025-12-01,2025-12-01 10:15:00,0.2746,3939726.0,17756345.0,64670943.0,0.3128,3.501,4.507,1.49,1.472,1.65,28.73,-66.94,-67.34,-63.39
ACT/USDT,2025-12-03,2025-12-03 02:15:00,0.2214,189826173.0,4774128.0,21564627.0,0.1447,0.02063,0.02515,0.02283,0.02534,0.02142,21.91,-9.22,0.76,-14.83
SAPIEN/USDT,2025-12-03,2025-12-03 14:30:00,0.2086,52155134.0,8437136.0,40442500.0,0.1113,0.11769,0.16177,0.15559,0.18501,0.14571,37.45,-3.82,14.37,-9.93
HIPPO/USDT,2025-12-04,2025-12-04 03:15:00,0.3036,3036259307.0,4029116.0,13270000.0,0.1217,0.00113,0.001327,0.001283,0.001225,0.001122,17.43,-3.32,-7.69,-15.45
PTB/USDT,2025-12-04,2025-12-04 14:15:00,0.2021,418541095.0,2754000.0,13626361.0,0.1096,0.00608,0.00658,0.00491,0.004,0.003319,8.22,-25.38,-39.21,-49.56
SKYAI/USDT,2025-12-04,2025-12-04 14:15:00,0.2396,239621473.0,8302884.0,34650000.0,0.1228,0.0273,0.03465,0.03178,0.03578,0.02943,26.92,-8.28,3.26,-15.06
TA/USDT,2025-12-04,2025-12-04 17:45:00,0.5033,90592925.0,2786638.0,5536800.0,0.1473,0.02594,0.03076,0.02785,0.02839,0.02527,18.58,-9.46,-7.7,-17.85
XNY/USDT,2025-12-04,2025-12-04 17:45:00,0.3597,899336205.0,10456582.0,29067500.0,0.968,0.004192,0.011627,0.005928,0.004774,0.004544,177.36,-49.02,-58.94,-60.92
FHE/USDT,2025-12-07,2025-12-07 18:45:00,1.1797,293744855.0,12334346.0,10455510.0,0.2021,0.01604,0.04199,0.03006,0.04409,0.08037,161.78,-28.41,5.0,91.4
HEMI/USDT,2025-12-07,2025-12-07 01:00:00,0.2343,229046921.0,3788436.0,16167850.0,0.1352,0.01411,0.01654,0.0164,0.01563,0.01477,17.22,-0.85,-5.5,-10.7
ALLO/USDT,2025-12-09,2025-12-09 02:15:00,0.2916,64226902.0,12601318.0,43213694.0,0.1898,0.1541,0.1962,0.1565,0.1434,0.1166,27.32,-20.23,-26.91,-40.57
PROMPT/USDT,2025-12-12,2025-12-12 22:15:00,0.2878,64444515.0,4070316.0,14141543.0,0.1467,0.04931,0.06316,0.07279,0.05967,0.05166,28.09,15.25,-5.53,-18.21
BAS/USDT,2025-12-14,2025-12-14 15:45:00,0.3511,877629824.0,8808771.0,25092500.0,0.2231,0.005235,0.010037,0.006919,0.008187,0.005322,91.73,-31.07,-18.43,-46.98
FHE/USDT,2025-12-14,2025-12-14 15:30:00,0.775,192969974.0,15256206.0,19685940.0,0.4018,0.0451,0.07906,0.07054,0.09246,0.04394,75.3,-10.78,16.95,-44.42
SWARMS/USDT,2025-12-15,2025-12-15 17:30:00,0.4499,449934391.0,10460975.0,23249647.0,0.1742,0.01218,0.02325,0.01867,0.01626,0.01693,90.89,-19.7,-30.06,-27.18
EDEN/USDT,2025-12-16,2025-12-16 05:15:00,0.4242,67594751.0,5901698.0,13911907.0,0.3724,0.06757,0.08731,0.07014,0.06029,0.06359,29.21,-19.67,-30.95,-27.17
PTB/USDT,2025-12-16,2025-12-16 17:45:00,1.0678,2211207876.0,13833316.0,12955398.0,0.126,0.002942,0.006256,0.00441,0.003022,0.003123,112.64,-29.51,-51.69,-50.08
ACT/USDT,2025-12-17,2025-12-17 15:00:00,0.3572,306270343.0,7767016.0,21744690.0,0.1746,0.02066,0.02536,0.02816,0.03154,0.04194,22.75,11.04,24.37,65.38
H/USDT,2025-12-17,2025-12-17 21:15:00,1.6899,191697996.0,16742903.0,9907901.0,0.1878,0.07055,0.08734,0.09315,0.10121,0.15196,23.8,6.65,15.88,73.99
D/USDT,2025-12-23,2025-12-23 16:45:00,0.2118,194143170.0,3114056.0,14705052.0,0.1062,0.01339,0.01604,0.01554,0.01458,0.01423,19.79,-3.12,-9.1,-11.28
ZBT/USDT,2025-12-24,2025-12-24 03:45:00,0.2321,56863510.0,5203011.0,22416785.0,0.1324,0.0727,0.0915,0.1132,0.1513,0.1573,25.86,23.72,65.36,71.91
ZKP/USDT,2025-12-26,2025-12-26 06:15:00,0.2673,53903747.0,8908133.0,33327433.0,0.1903,0.13277,0.16526,0.15344,0.15785,0.12422,24.47,-7.15,-4.48,-24.83
TA/USDT,2025-12-29,2025-12-29 00:15:00,0.7252,130529870.0,3623509.0,4996800.0,0.123,0.02179,0.02776,0.02434,0.02552,0.02807,27.4,-12.32,-8.07,1.12
TRADOOR/USDT,2025-12-30,2025-12-30 14:15:00,0.3643,5227656.0,10115514.0,27765315.0,0.3022,1.421,1.935,1.451,1.56,1.59,36.17,-25.01,-19.38,-17.83
STORJ/USDT,2026-01-05,2026-01-05 12:30:00,0.2913,41889731.0,6358861.0,21826933.0,0.1008,0.1308,0.1518,0.1459,0.1408,0.1326,16.06,-3.89,-7.25,-12.65
ZKP/USDT,2026-01-07,2026-01-07 10:30:00,0.2834,57154009.0,8477654.0,29913217.0,0.2716,0.12373,0.14833,0.1739,0.16549,0.14047,19.88,17.24,11.57,-5.3
TA/USDT,2026-01-08,2026-01-08 11:45:00,0.7594,136695737.0,6267500.0,8253000.0,0.1971,0.03427,0.04585,0.04462,0.0403,0.03738,33.79,-2.68,-12.1,-18.47
DOLO/USDT,2026-01-12,2026-01-12 14:00:00,0.2921,135156600.0,7390363.0,25297357.0,0.2779,0.0417,0.05468,0.05838,0.05784,0.05609,31.13,6.77,5.78,2.58
FHE/USDT,2026-01-15,2026-01-15 13:45:00,0.8617,214575243.0,16387111.0,19016130.0,0.1522,0.0466,0.07637,0.10009,0.14082,0.16278,63.88,31.06,84.39,113.15
ZBT/USDT,2026-01-15,2026-01-15 10:00:00,0.2451,60038299.0,7690906.0,31383499.0,0.1188,0.1136,0.1281,0.1073,0.1054,0.0941,12.76,-16.24,-17.72,-26.54
STO/USDT,2026-01-17,2026-01-17 19:30:00,0.234,52727650.0,5194201.0,22197587.0,0.1096,0.07554,0.09851,0.1152,0.10334,0.08229,30.41,16.94,4.9,-16.47
ARPA/USDT,2026-01-19,2026-01-19 21:45:00,0.4043,397103362.0,8652882.0,21401585.0,0.164,0.01323,0.02179,0.01572,0.01616,0.01284,64.7,-27.86,-25.84,-41.07
SKYAI/USDT,2026-01-19,2026-01-19 06:00:00,0.2011,201093388.0,9306602.0,46280000.0,0.1035,0.04112,0.04628,0.04597,0.04314,0.03944,12.55,-0.67,-6.78,-14.78
NAORIS/USDT,2026-01-20,2026-01-20 23:45:00,0.2466,147791513.0,5416559.0,21962879.0,0.1364,0.024,0.03665,0.0299,0.03222,0.02799,52.71,-18.42,-12.09,-23.63
AIA/USDT,2026-01-21,2026-01-21 00:15:00,0.2797,27826502.0,7856256.0,28091835.0,0.1075,0.28672,0.28233,0.2149,0.22721,0.17465,-1.53,-23.88,-19.52,-38.14
BLUAI/USDT,2026-01-23,2026-01-23 17:15:00,0.3132,384635962.0,5001037.0,15966456.0,0.3972,0.006269,0.013002,0.006814,0.007106,0.007872,107.4,-47.59,-45.35,-39.46
ENSO/USDT,2026-01-24,2026-01-24 03:15:00,0.5655,11643764.0,13744299.0,24304436.0,0.1341,0.6497,1.1804,2.143,1.4209,1.724,81.68,81.55,20.37,46.05
BULLA/USDT,2026-01-25,2026-01-25 10:00:00,0.4519,126545645.0,4429098.0,9800000.0,0.1298,0.03041,0.035,0.03378,0.03156,0.4064,15.09,-3.49,-9.83,1061.14
NOM/USDT,2026-01-25,2026-01-25 00:45:00,0.4192,419227062.0,5046236.0,12037000.0,0.1488,0.007334,0.012037,0.012173,0.010699,0.008027,64.13,1.13,-11.12,-33.31
4/USDT,2026-01-27,2026-01-27 12:45:00,0.4107,410708886.0,7594007.0,18490000.0,0.1371,0.01662,0.01849,0.01796,0.01724,0.0124,11.25,-2.87,-6.76,-32.94
PTB/USDT,2026-01-27,2026-01-27 16:30:00,1.3563,2808626027.0,9389237.0,6922937.0,0.1008,0.002086,0.003343,0.002531,0.002136,0.001589,60.26,-24.29,-36.11,-52.47
AIA/USDT,2026-01-28,2026-01-28 15:00:00,0.3897,38770574.0,7885159.0,20236310.0,0.1633,0.16707,0.20338,0.16594,0.16527,0.11661,21.73,-18.41,-18.74,-42.66
BULLA/USDT,2026-02-01,2026-02-01 08:30:00,0.2191,61339885.0,28074039.0,128150400.0,0.1093,0.1312,0.45768,0.01608,0.02659,0.02524,248.84,-96.49,-94.19,-94.49
ZKP/USDT,2026-02-01,2026-02-01 00:45:00,0.3873,78108595.0,8142040.0,21021733.0,0.1342,0.09661,0.10424,0.08662,0.08547,0.07868,7.9,-16.9,-18.01,-24.52
F/USDT,2026-02-02,2026-02-02 00:15:00,0.4354,435353276.0,2602977.0,5979000.0,0.1085,0.005503,0.005979,0.006033,0.005924,0.006049,8.65,0.9,-0.92,1.17
PARTI/USDT,2026-02-05,2026-02-05 13:45:00,0.7122,165940807.0,14041911.0,19716460.0,0.1407,0.07548,0.08462,0.08695,0.09675,0.09895,12.11,2.75,14.33,16.93
ENSO/USDT,2026-02-07,2026-02-07 00:00:00,0.415,8544373.0,13563338.0,32684566.0,0.1222,1.249,1.5874,1.3575,1.358,1.2443,27.09,-14.48,-14.45,-21.61
LA/USDT,2026-02-07,2026-02-07 01:45:00,0.4585,27821397.0,6304329.0,13750088.0,0.1235,0.1745,0.2266,0.2637,0.2351,0.2201,29.86,16.37,3.75,-2.87
PTB/USDT,2026-02-07,2026-02-07 12:00:00,1.062,2199173731.0,3421914.0,3222282.0,0.1586,0.001218,0.001556,0.001814,0.00177,0.001407,27.75,16.58,13.75,-9.58
FHE/USDT,2026-02-08,2026-02-08 14:00:00,0.4134,102943293.0,10223298.0,24728190.0,0.1091,0.09365,0.09931,0.081,0.12202,0.03938,6.04,-18.44,22.87,-60.35
BLESS/USDT,2026-02-11,2026-02-11 16:45:00,0.2067,380739483.0,2121480.0,10261767.0,0.1302,0.004706,0.005572,0.005773,0.006006,0.005278,18.4,3.61,7.79,-5.28
TAKE/USDT,2026-02-12,2026-02-12 01:15:00,0.4649,115515030.0,4126197.0,8874830.0,0.1556,0.02022,0.03572,0.03889,0.05518,0.02342,76.66,8.87,54.48,-34.43
AIA/USDT,2026-02-13,2026-02-13 16:00:00,0.3929,39098372.0,5076142.0,12918085.0,0.112,0.1019,0.12983,0.12776,0.11738,0.10589,27.41,-1.59,-9.59,-18.44
EDEN/USDT,2026-02-15,2026-02-15 18:30:00,0.3676,58578028.0,2326719.0,6328953.0,0.153,0.03463,0.03972,0.03392,0.03516,0.03331,14.7,-14.6,-11.48,-16.14
VIC/USDT,2026-02-15,2026-02-15 18:30:00,0.2161,27189638.0,1591410.0,7364250.0,0.1185,0.05421,0.05853,0.04996,0.05048,0.04666,7.97,-14.64,-13.75,-20.28
ESP/USDT,2026-02-16,2026-02-16 18:15:00,0.2337,121654603.0,7712902.0,33002870.0,0.1068,0.05309,0.0634,0.05942,0.08202,0.11055,19.42,-6.28,29.37,74.37
BLUAI/USDT,2026-02-17,2026-02-17 00:15:00,0.4337,532571988.0,3688594.0,8505128.0,0.1337,0.005429,0.006926,0.005471,0.005364,0.00517,27.57,-21.01,-22.55,-25.35
AGLD/USDT,2026-02-22,2026-02-22 09:45:00,0.376,32873818.0,10743164.0,28572124.0,0.245,0.2277,0.3268,0.3501,0.2766,0.2241,43.52,7.13,-15.36,-31.43
BULLA/USDT,2026-02-23,2026-02-23 19:15:00,1.213,339651115.0,18052457.0,14882000.0,0.1052,0.02724,0.05315,0.02416,0.01765,0.02566,95.12,-54.54,-66.79,-51.72
LA/USDT,2026-02-23,2026-02-23 00:00:00,0.4392,26647639.0,6320820.0,14393296.0,0.1157,0.2065,0.2372,0.2296,0.2388,0.2118,14.87,-3.2,0.67,-10.71
GRIFFAIN/USDT,2026-02-25,2026-02-25 16:00:00,0.2159,215874169.0,2091821.0,9688557.0,0.2052,0.00765,0.00969,0.00948,0.00888,0.00961,26.67,-2.17,-8.36,-0.83
DENT/USDT,2026-02-26,2026-02-26 11:00:00,0.2823,27003106355.0,11125280.0,39409844.0,0.1444,0.00023,0.000412,0.000299,0.000267,0.000236,79.13,-27.43,-35.19,-42.72
FIO/USDT,2026-02-28,2026-02-28 16:15:00,0.2221,187148545.0,1796626.0,8088832.0,0.2152,0.00829,0.0096,0.01113,0.01102,0.00808,15.8,15.94,14.79,-15.83
HIPPO/USDT,2026-03-01,2026-03-01 14:45:00,0.4264,4263926955.0,2802679.0,6573000.0,0.1177,0.0005371,0.0006573,0.0007642,0.0006913,0.0007264,22.38,16.26,5.17,10.51
TRU/USDT,2026-03-02,2026-03-02 16:30:00,0.2774,398157749.0,2356696.0,8495766.0,0.1721,0.004621,0.005919,0.00505,0.005254,0.004982,28.09,-14.68,-11.24,-15.83
