symbol,trigger_ts,trigger_date,oi_mc,surge,log_mc_usd,log_oi_usd,change_before_24h,volatility_24h,volume_ratio,price_range_24h,body_ratio,consecutive_green,rsi_14,bb_position,atr_pct,oi_change_1h,oi_change_24h,oi_acceleration,vol_range_ratio,oi_surge_ratio,pre_surge_ratio,return_24h,return_48h,return_7d,label_long,label_short,label,max_profit_24h,max_drawdown_24h
ZEREBRO/USDT,2025-03-04 05:00:00+00:00,2025-03-04,0.2583,0.1359,7.846315730952078,7.25848623498295,32.95,0.02890226692003028,11.65688822465356,0.6390134529147982,0.6774193548387094,8.0,78.8961038961039,1.3397764447750584,0.05494505494505495,,,,18.24200753752803,,2.4245768947755706,-39.17,-45.16,-55.98,not_long,short,short,4.131054131054124,-47.43589743589743
DEGO/USDT,2025-03-07 09:30:00+00:00,2025-03-07,0.2561,0.1462,7.6203953045004695,7.028745382878972,30.19,0.015822418746231623,23.898824126143698,0.5658701191378005,0.4518544935805993,2.0,85.96414516834284,1.5031551259548321,0.041672957874075184,,,,42.23376233853384,,2.0649794801641588,-0.94,2.19,-6.26,not_long,not_short,skip,14.439579244048506,-13.785293673561828
HEI/USDT,2025-03-14 05:15:00+00:00,2025-03-14,0.2329,0.1405,7.633233933848386,7.0003781492441846,13.92,0.01460916980949268,86.75005844744396,0.3287604115629593,0.5364120781527533,3.0,90.47619047619047,1.5767246344434656,0.02236696392143149,,,,263.8701479750121,,0.990747330960854,10.14,10.44,-0.04,long,not_short,long,13.321093431252539,-12.32150142798858
TUT/USDT,2025-03-27 17:15:00+00:00,2025-03-27,0.6132,1.4635,7.529547536464484,7.317122256443586,136.43,0.09226720057045673,61.0210351094346,1.7373540856031127,0.9228998849252016,1.0,97.26027397260273,1.5889859856123225,0.05248677248677248,,,,35.122969816628654,,0.9322172873249062,-3.09,9.75,-41.6,not_long,not_short,skip,29.43209876543209,-60.14814814814815
VINE/USDT,2025-03-29 01:15:00+00:00,2025-03-29,0.3514,0.2446,7.613406231210698,7.159256850549143,56.66,0.030018105631561955,62.18997994717287,0.863404255319149,0.7116402116402115,13.0,99.10661107802262,1.4415531739519167,0.04439496207640387,,,,72.02880871160978,,2.3164349959116923,-24.96,-16.78,-20.21,not_long,short,short,9.595713589868481,-25.88894301022894
HIPPO/USDT,2025-04-01 19:00:00+00:00,2025-04-01,0.2674,0.2148,7.676693609624866,7.103792265005538,13.37,0.03797485435068351,6.295843730491259,0.8188679245283017,0.9032258064516127,4.0,94.59459459459461,1.4152360793300587,0.03157894736842104,,,,7.6884727584340276,,0.6224394785847299,-21.26,-27.58,-61.68,not_long,short,short,2.5263157894736876,-29.263157894736835
HIPPO/USDT,2025-04-09 17:45:00+00:00,2025-04-09,0.361,0.15,7.361727836017593,6.919200043979613,28.49,0.019574357006142663,12.176622886119686,0.40588235294117664,0.7692307692307687,1.0,87.23404255319153,1.5597240393088934,0.028571428571428577,,,,30.00037522667168,,1.8993333333333333,-2.17,9.13,-21.74,not_long,not_short,skip,29.565217391304355,-13.043478260869556
BR/USDT,2025-04-12 16:15:00+00:00,2025-04-12,0.2215,0.1538,7.188981186203962,6.5344452138174285,14.53,0.023542576989161932,7.374016519769231,0.3835920177383591,0.8367346938775513,2.0,90.05235602094241,1.4782731257355721,0.04018583042973284,,,,19.22359219893598,,0.9447334200260078,-6.34,-22.28,-31.41,not_long,not_short,skip,5.853658536585371,-18.211382113821138
SHELL/USDT,2025-04-16 05:45:00+00:00,2025-04-16,0.2165,0.1494,7.558144341170996,6.893611535637088,18.92,0.01674366885935695,81.0670141091939,0.2991913746630729,0.6170212765957441,2.0,78.1132075471698,1.5482969803954862,0.023951776378960843,,,,270.9537138244228,,1.2663989290495314,-6.87,-2.54,24.27,not_long,not_short,skip,7.991038088125468,-13.069454817027626
FHE/USDT,2025-04-17 15:00:00+00:00,2025-04-17,0.2177,0.1563,7.252988635849053,6.5907704120893245,12.84,0.01974870159001276,8.757098150129734,0.4282915360501568,0.9033457249070627,1.0,79.12431587177483,1.0346754994032195,0.05021157399129865,,,,20.446582323084243,,0.8214971209213052,9.82,20.33,38.13,long,not_short,long,15.880962314003622,-18.537060214156586
MEME/USDT,2025-04-18 07:00:00+00:00,2025-04-18,7.1982,0.2737,6.285616261044932,7.142840485087363,33.82,0.02495023006002828,32.917306111796385,0.3790149892933619,0.9928229665071772,1.0,94.00749063670413,1.5400647449576583,0.02570836724125176,,,,86.84961556050231,,1.2356594811837778,9.48,14.29,14.86,long,not_short,long,32.67736923873641,-21.59502848265148
MAGIC/USDT,2025-04-19 16:00:00+00:00,2025-04-19,0.2578,0.1094,7.517084221069123,6.928405275525314,33.16,0.013265781162890658,62.49541972557501,0.390896921017403,0.6428571428571428,8.0,99.5495495495496,1.3848671201441123,0.0281018782014798,,,,159.8769812842621,,3.0310786106032905,88.45,141.04,110.86,long,not_short,long,105.57768924302789,-11.852589641434275
HIPPO/USDT,2025-04-20 21:30:00+00:00,2025-04-20,0.266,0.1159,7.358315640082195,6.783167941749322,15.78,0.015988482146532774,9.843842084326184,0.2514840798704802,0.8061224489795926,9.0,93.8118811881188,1.510533347418534,0.01768498810567172,,,,39.143002966215505,,1.361518550474547,-10.6,-0.57,13.98,not_long,short,short,4.075372480280448,-11.9193689745837
MUBARAK/USDT,2025-04-20 04:30:00+00:00,2025-04-20,0.4545,0.1127,7.452246574520437,7.109739681766804,10.49,0.012475908868362213,38.16765104876907,0.3617021276595745,0.43816793893129785,4.0,85.13761467889906,1.518101496918238,0.026423276688013725,,,,105.52232937012626,,0.9307897071872228,10.27,8.08,21.25,not_long,not_short,skip,16.237204376985524,-12.95446523120367
PIXEL/USDT,2025-04-21 14:30:00+00:00,2025-04-21,0.248,0.125,7.488811990107967,6.88323198098411,27.05,0.013874412656063179,24.82847801625379,0.35624586913417056,0.7830687830687828,5.0,95.92074592074589,1.3938369153988368,0.026287572822474015,,,,69.69478151872353,,2.164,-0.43,10.93,-0.13,long,not_short,long,30.89817363022267,-11.508631473605202
JELLYJELLY/USDT,2025-04-23 13:45:00+00:00,2025-04-23,0.3971,0.1387,7.2626879647978875,6.861591815180213,62.04,0.025860862805366022,31.11735469431577,0.7315555555555557,0.5915119363395219,6.0,89.77853492333901,1.4515635907851898,0.04201451197628152,,,,42.53587367084476,,4.47296322999279,28.4,43.2,93.72,long,not_short,long,60.2403058438012,-14.199890770071011
KOMA/USDT,2025-04-23 03:30:00+00:00,2025-04-23,0.3164,0.1172,7.2473763270679985,6.747574773697262,23.71,0.02315269713601285,4.458785879412567,0.3850815850815851,0.8073878627968335,5.0,76.5467625899281,1.4867265048759972,0.028772221950144453,,,,11.578808367239658,,2.023037542662116,-22.93,-20.81,-24.07,not_long,short,short,12.615701062735663,-25.19712032910525
PNUT/USDT,2025-04-23 16:45:00+00:00,2025-04-23,1.726,0.1042,7.235275876687052,7.4723071242952255,23.92,0.014238830732795683,17.496896118571083,0.3142338416848221,0.6252891287586735,2.0,58.02054938142166,1.1253692836732199,0.035647801878168385,,,,55.681132320943796,,2.2955854126679465,-6.29,2.12,0.59,not_long,not_short,skip,5.276323443862707,-12.437463641652124
SWARMS/USDT,2025-04-23 02:30:00+00:00,2025-04-23,0.2597,0.3492,7.56192917799244,6.976375797432576,72.27,0.033331914380144274,18.49302939878004,0.7362428842504742,0.9701952723535462,1.0,82.6007326007326,1.4856725763032959,0.04628070037996003,,,,25.118109518446087,,2.069587628865979,-21.61,-19.55,-18.73,not_long,short,short,11.65341376473814,-27.337537702221017
FHE/USDT,2025-04-25 23:45:00+00:00,2025-04-25,0.2434,0.1004,7.461779061824185,6.848090727366621,16.52,0.014931975492323132,10.18726739272531,0.2434375,0.7744525547445249,1.0,82.05996131528045,1.4601204576069127,0.022251566146665038,,,,41.84756823712579,,1.645418326693227,-19.75,-16.47,-7.59,not_long,short,short,17.75580395528804,-22.295786758383485
TUT/USDT,2025-04-25 07:00:00+00:00,2025-04-25,0.3866,0.1871,7.450494954122174,7.03770945418356,23.03,0.018925146873777363,29.609255163196163,0.3296616837136111,0.9906890130353821,3.0,93.48659003831409,1.5154725997514584,0.021940589031821247,,,,89.81709621103187,,1.2308925708177447,-16.94,-21.09,-15.73,not_long,short,short,0.6516587677725338,-22.896919431279617
BMT/USDT,2025-04-27 09:15:00+00:00,2025-04-27,0.3827,0.1044,7.466212854232179,7.049068010063299,25.22,0.013671812848186004,21.7634309223492,0.33720930232558155,0.8503937007874006,1.0,86.75958188153311,1.3312043517285195,0.027708281210908185,,,,64.53982963179415,,2.415708812260536,8.23,10.68,31.17,long,not_short,long,27.495621716287232,-10.420315236427314
MUBARAK/USDT,2025-04-27 11:30:00+00:00,2025-04-27,0.3939,0.1026,7.611085733414873,7.206480218138785,19.31,0.013420916767102777,15.013170815968941,0.30196671709531,0.630182421227198,9.0,96.8660968660968,1.3882243693760767,0.021530012592696213,,,,49.71796547773284,,1.8820662768031189,-9.21,-20.74,-27.01,not_long,not_short,skip,5.362389813907931,-18.952007835455444
HAEDAL/USDT,2025-05-02 03:15:00+00:00,2025-05-02,0.2529,0.2367,7.475120418180122,6.878003089909909,33.91,0.025875968266579934,8.993340902649,0.5088567918194394,0.8554290718038529,1.0,81.86679630529892,1.489453502068805,0.03415524458171989,,,,17.673618682562772,,1.4326151246303338,24.12,-4.66,-10.66,not_long,not_short,skip,36.34671768785223,-20.525796825106603
STO/USDT,2025-05-02 10:15:00+00:00,2025-05-02,0.2969,0.4088,7.608097946325279,7.080689281941012,46.28,0.03680603685653335,131.17034020856042,0.8211595429538722,0.5913722826086956,10.0,97.56748273697427,1.5744784244923102,0.04322222222222224,,,,159.73794780088036,,1.1320939334637965,18.83,-5.65,-17.57,not_long,not_short,skip,21.333333333333336,-29.527777777777775
VINE/USDT,2025-05-02 16:00:00+00:00,2025-05-02,0.2024,0.1049,7.783747976831491,7.0899679913157465,36.0,0.015454178044533768,9.161624440256105,0.5265994844152802,0.5464015151515146,1.0,77.6022304832714,1.527550121747589,0.027899214967329486,,,,17.39770871676582,,3.431839847473785,-20.58,-36.48,-22.51,not_long,short,short,7.173412306679827,-22.671931556433034
KOMA/USDT,2025-05-08 16:45:00+00:00,2025-05-08,0.4039,0.2207,7.193554337205896,6.79985071804233,50.17,0.02351149577109451,43.4771603728863,0.5689757252812315,0.8488160291438984,2.0,84.70290771175728,1.5480627064779364,0.031016131714618315,,,,76.4130321225858,,2.273221567739012,27.4,19.13,1.79,long,not_short,long,65.8905704307334,-18.47109041521149
PNUT/USDT,2025-05-08 16:30:00+00:00,2025-05-08,1.8016,0.1458,7.327665387050042,7.583321390986938,41.77,0.01539178681817258,26.502810216048072,0.4349691606328776,0.9435146443514641,3.0,88.03229061553986,1.4848357226887308,0.0243122501763461,,,,60.93032015760988,,2.864883401920439,43.45,58.99,69.95,long,not_short,long,59.88243592758054,-12.833294145309193
MUBARAK/USDT,2025-05-10 00:00:00+00:00,2025-05-10,0.4305,0.1161,7.827239999505646,7.4611660607338655,113.34,0.03197131199650843,7.127399188470893,1.2030099263528657,0.6676217765042983,3.0,81.3907448651324,1.166807866712217,0.0678986092799728,,,,5.924638718550598,,9.762273901808786,-30.65,-24.0,-29.74,not_long,short,short,7.3980351295028335,-39.37183685620721
HIPPO/USDT,2025-05-14 09:30:00+00:00,2025-05-14,0.2374,0.1472,7.682596291460554,7.0579890806246475,35.21,0.025045809140778707,32.373978525573676,0.6632903621853898,0.5057283142389523,3.0,66.87087653157398,1.3171132074949974,0.05607476635514018,,,,48.80815457488155,,2.3919836956521743,-33.64,-19.92,-36.93,not_long,short,short,15.264797507788174,-37.81931464174454
HAEDAL/USDT,2025-05-21 10:00:00+00:00,2025-05-21,0.474,0.1703,7.480738802428658,7.156483729662458,20.78,0.016960190987005574,156.85863972395026,0.5348511214230471,0.3872622171906892,5.0,86.90603188149593,1.5707860904215258,0.03504043995428807,,,,293.2753310988778,,1.2201996476805637,26.74,12.88,2.83,long,not_short,long,44.650074452244205,-14.770551720136904
STO/USDT,2025-05-22 05:00:00+00:00,2025-05-22,0.2615,0.1207,7.525165614846787,6.942650928408253,25.31,0.017332461296534485,31.694400511087924,0.3619090499774878,0.8444913020558774,3.0,84.45790683100064,1.2874610733890275,0.03350720962179507,,,,87.57559534103788,,2.096934548467274,-13.29,-11.58,-20.48,not_long,short,short,3.4563916347252865,-17.961132405352707
JELLYJELLY/USDT,2025-06-13 16:15:00+00:00,2025-06-13,0.5625,0.1775,7.48358691188002,7.233710102664187,28.05,0.023613465787557648,51.281032710643444,0.5563415866599294,0.8912621359223298,2.0,86.85082872928177,1.5187253766278808,0.027844241144733786,,,,92.17544390042085,,1.5802816901408452,-6.47,-0.95,-3.71,not_long,not_short,skip,12.873563218390792,-15.763546798029559
HAEDAL/USDT,2025-06-16 09:00:00+00:00,2025-06-16,0.3983,0.1929,7.380980076308298,6.981205497848504,23.62,0.01886770905268567,86.15155602166385,0.341233453732548,0.7471423752951319,3.0,96.18925943874177,1.5785338290332047,0.019601072920347806,,,,252.47101384493132,,1.2244686365992743,-9.63,-1.59,2.95,not_long,not_short,skip,5.108885194046797,-16.53270611135893
MYX/USDT,2025-06-21 09:45:00+00:00,2025-06-21,0.3418,0.1535,7.151087114358346,6.68480175054609,22.78,0.021709605807962228,8.281267890073991,0.5329134498171476,0.8805704099821741,5.0,93.90593047034766,1.2981916886068419,0.036027020265198884,,,,15.53961134385977,,1.4840390879478829,-17.81,17.59,70.28,long,short,long,1.643540347568373,-28.51946652296915
BR/USDT,2025-06-23 21:30:00+00:00,2025-06-23,0.3622,0.504,7.290415287328494,6.849368794347295,62.65,0.042075217010212544,177.11279684318558,0.6610808546292417,0.9123729407641081,2.0,99.30624380574827,1.5808045094340468,0.0313465499485067,,,,267.91397089016726,,1.2430555555555556,2.68,2.45,2.72,not_long,not_short,skip,14.868692070030898,-34.642121524201855
FUN/USDT,2025-06-23 03:30:00+00:00,2025-06-23,3.1035,0.1102,7.020475477136164,7.512333337490242,40.4,0.02088015952472749,3.3296336546376875,0.6152477009789381,0.7625272331154677,1.0,86.164339071127,1.0683661765403618,0.03982438365417087,,,,5.411858751101081,,3.6660617059891103,-6.03,-7.93,-5.48,not_long,not_short,skip,35.309692671394814,-13.853427895981085
H/USDT,2025-06-25 13:30:00+00:00,2025-06-25,1.2249,0.1677,6.726126440643148,6.814230476731666,24.42,0.05155742522473528,2.4898464685859314,0.5937707090788602,0.848866498740555,2.0,61.84909670563233,0.5,0.061761661186213616,,,,4.193279376223404,,1.456171735241503,-52.56,-55.54,57.33,not_long,short,short,14.023870417732297,-52.89855072463768
H/USDT,2025-07-02 02:45:00+00:00,2025-07-02,2.7238,0.1183,6.9621798529087675,7.397356863633215,79.56,0.02321335568599161,4.524240773218643,1.015468824369348,0.6690140845070425,2.0,75.68103021297665,1.5219532300057472,0.03758840169731262,,,,4.455322176954473,,6.725274725274725,-21.2,-3.97,-31.09,not_long,short,short,17.388613861386148,-23.898514851485142
BR/USDT,2025-07-03 22:00:00+00:00,2025-07-03,0.3503,0.3031,7.473457772815446,7.017892225484668,48.54,0.039796681440184285,12.885139176061328,1.9402380952380953,0.8350515463917526,5.0,95.32515621383935,1.5208641616875174,0.06346525096525096,,,,6.641009269782498,,1.6014516661167932,8.11,8.06,-39.59,not_long,not_short,skip,18.6402027027027,-23.555743243243256
MYX/USDT,2025-07-06 21:30:00+00:00,2025-07-06,1.1483,0.1262,7.381532597206039,7.441600632932667,111.37,0.023623112843587105,1.8983889887537009,1.2135856708347412,0.7461741424802107,1.0,80.4702627939142,1.1819149100714417,0.040760531171815745,,,,1.5642809851635204,,8.824881141045958,-21.13,-15.26,-36.52,not_long,short,short,13.241936762025519,-21.943101672081777
ALPINE/USDT,2025-07-07 09:30:00+00:00,2025-07-07,0.3632,0.1167,7.008122355389898,6.568305472841825,35.52,0.013530578856577633,102.75085175421876,0.38570557756781465,0.7988064791133848,6.0,96.49608114338403,1.4023236211570884,0.024592644505678267,,,,266.3971115018505,,3.0437017994858615,-4.44,-5.98,-1.8,not_long,not_short,skip,14.840004459806,-12.944586910469392
VIC/USDT,2025-07-07 06:15:00+00:00,2025-07-07,0.6405,0.1208,7.450966349065559,7.257488139381786,46.92,0.01681915860694223,11.511918869203054,0.5102717031146453,0.849122807017544,1.0,71.89460476787954,1.0591007944603725,0.04498886414253896,,,,22.560370874840796,,3.884105960264901,42.09,39.73,40.45,long,not_short,long,61.603563474387535,-11.180400890868603
JELLYJELLY/USDT,2025-07-09 23:15:00+00:00,2025-07-09,0.3269,0.1757,7.379305118816011,6.893743069798675,20.47,0.018480544960988013,75.63838829053658,0.37872340425531903,0.643884892086331,1.0,84.39425051334702,1.5133491099280156,0.02457500745600958,,,,199.71933986827082,,1.1650540694365394,2.71,-1.63,-1.67,not_long,not_short,skip,12.484342379958235,-14.989561586638834
ZEREBRO/USDT,2025-07-09 23:30:00+00:00,2025-07-09,0.4465,0.2711,7.5449143911816945,7.194781801559336,32.34,0.02479728213037135,181.5755626292526,0.4125336409073435,0.8165938864628817,2.0,92.31601731601732,1.574069172742755,0.02529634608334352,,,,440.1472864852617,,1.1929177425304318,-8.01,-9.01,-4.96,not_long,not_short,skip,27.08867978329057,-22.982606216139146
STO/USDT,2025-07-10 15:00:00+00:00,2025-07-10,0.232,0.1408,7.410909660352678,6.776437041012356,68.4,0.020660886892965344,11.151107817691145,0.7221476510067115,0.7843246247915505,2.0,88.4233470573989,1.1102574875732585,0.0545009185548071,,,,15.441589821895727,,4.857954545454546,-20.88,-29.36,-21.48,not_long,short,short,1.7408800629866272,-26.664333829061317
HIPPO/USDT,2025-07-13 20:00:00+00:00,2025-07-13,0.2427,0.1063,7.404662700873722,6.789695051924843,33.7,0.019144502901918558,6.2941870847740935,0.42668136714443217,0.8271186440677958,1.0,66.91957511380883,0.9538004074643126,0.04436504810667864,,,,14.7514927283982,,3.1702728127939794,-13.82,5.24,-2.91,not_long,short,short,17.329657345411565,-14.060653800708945
EPIC/USDT,2025-07-18 20:15:00+00:00,2025-07-18,0.349,0.142,7.6712395189304905,7.214086642041248,120.13,0.028547577242320942,18.16062614387328,1.624551063633852,0.431547619047619,6.0,89.15171288743883,1.214592273316765,0.06775068541095491,,,,11.178858301474971,,8.459859154929578,-24.4,4.36,-14.84,not_long,short,short,16.37403021641488,-29.808084932625555
FHE/USDT,2025-07-20 17:00:00+00:00,2025-07-20,0.3651,0.1472,7.310066158991976,6.872455046169886,16.18,0.01409888703352057,328.25826859339827,0.20673900628212438,0.7874251497005991,1.0,91.8759231905465,1.5721335403582357,0.01638301949239638,,,,1587.7906859310517,,1.0991847826086958,-24.44,-27.81,-34.0,not_long,short,short,3.0606023655651793,-25.277405194488477
M/USDT,2025-07-20 18:00:00+00:00,2025-07-20,0.2672,0.1205,7.646991537477122,7.073809817424597,32.02,0.015742266088844357,14.536912330682966,0.3400481058328322,0.9426877470355739,2.0,88.5416666666666,1.4199853599214483,0.026004766198634545,,,,42.749575960965124,,2.657261410788382,-8.27,-13.91,-26.17,not_long,not_short,skip,6.605049594229029,-11.58701532912534
TA/USDT,2025-07-21 07:30:00+00:00,2025-07-21,0.2909,0.307,7.486487153065907,6.950172787535276,0.0,,,,,,,,,,,,,,0.0,-38.29,-39.99,-54.73,not_long,short,short,6.694069289489124,-40.75161479741632
PIPPIN/USDT,2025-07-22 01:30:00+00:00,2025-07-22,0.3163,0.1048,7.37325251457863,6.873338973188039,22.96,0.015232457999019528,19.204636932328164,0.2835269271383316,0.7368421052631582,2.0,73.50800582241632,1.3465454361620846,0.031813233337365444,,,,67.73479022314625,,2.1908396946564888,-3.39,-13.12,-33.7,not_long,not_short,skip,22.52328535139714,-19.517358171041487
H/USDT,2025-07-23 16:15:00+00:00,2025-07-23,1.4812,0.1543,6.863789208499044,7.034400943829016,24.15,0.015916487990807787,26.397090742857422,0.31785571941012336,0.820781696854148,5.0,91.6212534059945,1.5117888100109078,0.026078857497671512,,,,83.0473989640493,,1.5651328580686972,-20.06,-21.56,-37.69,not_long,short,short,6.628376280658177,-23.672772430922084
FHE/USDT,2025-07-30 16:00:00+00:00,2025-07-30,0.4215,0.1096,7.209112703738592,6.833915534707017,31.23,0.020271669832322328,3.2411523977379972,0.4022572402044294,0.8734693877551021,2.0,79.25311203319501,1.511512542322125,0.025989010989010984,,,,8.057412207399487,,2.8494525547445253,-5.48,7.09,9.52,not_long,not_short,skip,0.692307692307681,-14.230769230769235
VIC/USDT,2025-07-30 04:45:00+00:00,2025-07-30,0.2012,0.1176,7.5730909700111075,6.87679330361581,23.76,0.015506753578681228,40.87872962852491,0.2516722408026756,0.8767507002801117,2.0,82.1648216482165,1.3751573132330939,0.028653088673263532,,,,162.42844065021856,,2.0204081632653064,-7.94,-11.84,-8.07,not_long,not_short,skip,3.530598520511097,-12.979152656355087
MEME/USDT,2025-07-31 15:30:00+00:00,2025-07-31,7.4806,0.155,6.314543644575095,7.188477567332023,19.44,0.016016948469844222,81.12782438097732,0.29498164014687867,0.8393939393939397,5.0,77.33887733887734,1.4681791125810926,0.023601882613510507,,,,275.0266909512801,,1.254193548387097,-4.51,-12.35,-17.39,not_long,not_short,skip,15.697674418604656,-13.517441860465118
M/USDT,2025-08-02 16:15:00+00:00,2025-08-02,0.3129,0.1421,7.64855515566267,7.143993889050498,24.67,0.017460204267242423,30.97437945987123,0.29732090856144444,0.9651567944250871,3.0,89.88860325621245,1.4898399093397403,0.023167757669105372,,,,104.17827528422897,,1.7361013370865588,-2.22,25.56,6.33,long,not_short,long,8.760107816711592,-15.81311769991014
MYX/USDT,2025-08-03 20:15:00+00:00,2025-08-03,0.5805,0.1073,7.5226762517077415,7.286489209017303,56.61,0.01616932601091917,10.003553033335047,0.8441678192715537,0.3849829351535833,2.0,89.28362287722038,1.1109840390295251,0.04980573391681326,,,,11.850194718352657,,5.275862068965517,147.37,894.97,873.23,long,not_short,long,176.35843114801028,-16.404237045519622
TST/USDT,2025-08-06 17:45:00+00:00,2025-08-06,0.5837,0.1158,7.626830812306722,7.392986023311894,11.44,0.011420685149698923,35.619889077819614,0.1550289891605748,0.8366247755834827,2.0,84.86238532110087,1.5702380935676574,0.017129497089416943,,,,229.76276418164284,,0.9879101899827288,-40.3,-41.59,-41.3,not_long,short,short,10.732576263638393,-64.46225784903139
TA/USDT,2025-08-07 08:00:00+00:00,2025-08-07,0.3715,0.1679,7.066176785772006,6.636081595882052,18.28,0.017698034940554493,23.032210277814674,0.3650190114068441,0.5670731707317069,1.0,88.46153846153845,1.4001165934751376,0.02914550673437847,,,,63.098659406929784,,1.0887432995830852,-2.78,2.16,-11.31,not_long,not_short,skip,26.738794435857827,-14.374034003091186
FIO/USDT,2025-08-08 13:45:00+00:00,2025-08-08,0.3729,0.1027,7.242004365027382,6.81361194178763,18.88,0.014329508151164693,5.465247302504364,0.34819121447028417,0.9234449760765547,2.0,77.39938080495352,1.0382076433203578,0.033404578047435206,,,,15.696109135949458,,1.8383641674780915,10.86,-1.54,-12.64,not_long,not_short,skip,20.65637065637067,-9.36293436293435
BULLA/USDT,2025-08-09 16:30:00+00:00,2025-08-09,0.2523,0.1146,7.491384108454902,6.893370887575573,43.42,0.020090074721741628,6.508150421699473,0.5891608391608392,0.5505563618771168,4.0,91.11191075926592,1.4160236606915675,0.03123064616019817,,,,11.046474899739165,,3.7888307155322867,-23.16,-26.54,-25.88,not_long,short,short,29.344291907514464,-27.72760115606937
GTC/USDT,2025-08-13 14:30:00+00:00,2025-08-13,0.2533,0.1809,7.614063730863301,7.017632502737809,55.12,0.023783138280077373,83.66969449725734,0.652317880794702,0.692307692307692,4.0,95.32163742690058,1.444690432886243,0.03768996960486323,,,,128.2652169450341,,3.046987285793256,-11.91,-22.77,-30.85,not_long,short,short,16.595744680851077,-15.957446808510634
ALPINE/USDT,2025-08-15 16:30:00+00:00,2025-08-15,1.4561,0.1293,7.269214719700273,7.432415123856179,20.77,0.017262065699001457,13.046425393020638,0.3280930671278101,0.7677181482998772,2.0,77.45007680491545,1.5326102184763297,0.02442069603785774,,,,39.76440437230679,,1.6063418406805878,33.97,49.61,22.97,long,not_short,long,38.52829727417184,-11.655054394328324
FHE/USDT,2025-08-22 18:45:00+00:00,2025-08-22,0.6958,0.1526,7.254736544665375,7.0972460269164355,49.79,0.01968679116406048,14.281989931271955,0.6403450564034506,0.7611464968152865,1.0,90.83870967741939,1.2766536796770918,0.044657696873763364,,,,22.303584276089982,,3.2627785058977716,13.8,-7.65,-27.96,not_long,not_short,skip,128.53185595567868,-14.68144044321329
HEI/USDT,2025-08-22 14:45:00+00:00,2025-08-22,0.2256,0.1255,7.620741208388755,6.974169833403262,14.36,0.01280498747227441,169.2751585230851,0.19786759236300516,0.886477462437396,1.0,90.50632911392398,1.5192383986992561,0.018280795417054085,,,,855.4971357438627,,1.144223107569721,-1.95,-0.97,-4.39,not_long,not_short,skip,2.5824060466092646,-11.148435859752247
BR/USDT,2025-08-23 09:15:00+00:00,2025-08-23,0.2644,0.144,7.159320501662789,6.581603244604668,14.9,0.013643720245129495,181.06534465586944,0.25651825110308857,0.5793269230769232,3.0,99.3297587131368,1.5895060981939475,0.01614106645443689,,,,705.8575515669784,,1.0347222222222223,33.46,29.11,34.07,long,not_short,long,46.84888579387185,-12.656685236768805
M/USDT,2025-08-24 13:15:00+00:00,2025-08-24,0.2229,0.1182,7.6773331514199015,7.02548868114663,10.22,0.011937028213239694,49.90835702158127,0.22485632183908028,0.5835266821345713,2.0,83.85269121813029,1.5595292658100317,0.019535121174810047,,,,221.95665486914115,,0.8646362098138748,-7.36,-7.5,36.12,not_long,not_short,skip,7.525751524069779,-10.59491276014295
PARTI/USDT,2025-08-26 06:15:00+00:00,2025-08-26,0.2176,0.1029,7.647934291394095,6.985539860889847,12.9,0.01272336235534247,48.781251265963746,0.3014608233731739,0.7265306122448986,1.0,93.33333333333331,1.351587667668937,0.022499251272836203,,,,161.81622115978286,,1.2536443148688046,-4.19,-1.89,-2.88,not_long,not_short,skip,2.7253668763102867,-14.465408805031444
TA/USDT,2025-08-29 14:00:00+00:00,2025-08-29,0.7192,0.1226,7.150584529579094,7.007460784335388,40.7,0.01907591119528652,22.63756410538275,0.5308641975308642,0.7878787878787862,1.0,84.5185185185185,1.2867963231898407,0.04195905901174415,0.3674142024841358,0.8387260227940573,0.2750959199120896,42.64285331479076,6.841158424095084,3.3197389885807507,68.9,24.48,81.71,long,not_short,long,90.69737846780353,-11.287859506235687
HEMI/USDT,2025-08-31 04:30:00+00:00,2025-08-31,0.2633,0.148,7.358403650970035,6.7788402907425205,9.99,0.020671291914080892,4.029122308333325,0.44401779728164803,0.8744915746658914,4.0,91.43003763256925,1.412028545238444,0.031492811257265205,0.07844740169592934,0.33792095239131964,0.10776439739826615,9.074236062158528,2.2832496783197276,0.675,13.36,37.69,57.52,long,not_short,long,42.47109207708779,-13.276231263383288
Q/USDT,2025-09-02 07:30:00+00:00,2025-09-02,0.3228,0.2014,6.992118740709587,6.50103377920716,0.0,,,,,,,,,,,,,,0.0,-12.79,-19.03,49.05,not_long,short,short,19.388401339002968,-25.766760155613856
JELLYJELLY/USDT,2025-09-03 16:00:00+00:00,2025-09-03,1.0555,0.1024,7.537188835441468,7.560648682137292,30.74,0.024858433325005248,5.720500410197572,0.633780584056827,0.8695652173913041,2.0,53.522336769759455,0.6102085978022849,0.08254198631557123,-0.03568386445442293,0.08034683079021801,-0.05048134237377896,9.025995043238263,0.7846370194357227,3.001953125,15.82,18.17,21.97,long,not_short,long,24.179970972423792,-10.537010159651672
ESPORTS/USDT,2025-09-04 08:00:00+00:00,2025-09-04,0.219,0.1264,7.286543454666256,6.6270220748104665,18.69,0.014728533030577824,49.51980163259244,0.24773148599863398,0.828985507246377,1.0,82.03398974912326,1.1740804013656005,0.037219313684824146,0.34709820257345714,0.6911241529651833,0.11715349948538176,199.89304723609294,5.46775437472455,1.4786392405063291,-9.47,-13.6,0.28,not_long,not_short,skip,6.1680922859609355,-15.129875225614054
BMT/USDT,2025-09-07 16:15:00+00:00,2025-09-07,0.2102,0.1274,7.272879791594418,6.59551507023798,19.03,0.012763202939755986,251.3450309129278,0.20452310717797442,0.8751322751322751,3.0,96.74868189806688,1.5635436218310061,0.013783947363283177,0.2605176757214038,0.2370517825780645,0.2574521871382931,1228.9321944156134,1.860689031224996,1.4937205651491365,-6.33,-11.45,-2.57,not_long,not_short,skip,2.2276889435561165,-12.464124641246421
AIO/USDT,2025-09-08 17:30:00+00:00,2025-09-08,0.2055,0.2127,7.476643804067938,6.789494408712264,77.65,0.034149699639249735,10.11275366747521,0.8186874304783093,0.9379622021364005,2.0,72.33159621694654,1.1284469026817208,0.08462213928983041,0.011355398269792009,0.093930523992561,-0.0020040620438682,12.352398841114422,0.4416103619772496,3.650681711330513,-18.99,-21.31,-0.3,not_long,short,short,9.327698809066476,-33.991548213599685
TA/USDT,2025-09-08 12:00:00+00:00,2025-09-08,0.7887,0.2216,7.640073784065389,7.536987046309679,134.42,0.04966510387051737,2.550281135149156,1.423645320197044,0.9134315964293127,1.0,66.6517923546036,1.08621774920824,0.09049974968342316,0.08099525768810115,0.07292046725478461,0.1105590261154445,1.791373946142833,0.3290634803916273,6.065884476534295,-35.13,-37.26,-52.75,not_long,short,short,57.258297258297254,-44.34137291280148
XNY/USDT,2025-09-08 11:30:00+00:00,2025-09-08,0.5451,0.116,7.474871583227693,7.2113750070637925,52.41,0.026386636765376188,7.019202309423138,0.6429708222811671,0.7334515366430269,3.0,74.4848098576588,1.2894689271714797,0.05205466337984347,0.14161339366839384,0.27623606287304237,0.1437065726500139,10.91682867430909,2.3813453695951927,4.518103448275861,-8.61,-0.23,-23.66,not_long,not_short,skip,41.489361702127646,-10.504272072373933
TST/USDT,2025-09-10 10:45:00+00:00,2025-09-10,0.4369,0.1489,7.481938816634921,7.122288636989046,26.45,0.015866961955402145,106.7335123893579,0.4447154471544716,0.5494071146245053,2.0,88.50129198966405,1.4759158099455096,0.03026333318531017,0.07014899236348032,0.060112793781976856,0.06465414880812362,240.00405893767862,0.4037125170045457,1.776359973136333,-14.52,-15.51,43.46,not_long,short,short,10.506683245259563,-16.474976686353738
F/USDT,2025-09-11 10:00:00+00:00,2025-09-11,0.5544,0.1446,7.005480809979401,6.74928509501996,51.22,0.025031852105546173,14.764649489317222,0.5485722918869921,0.8869625520110958,2.0,71.57978301137867,1.2777183012711175,0.053724837421884886,0.6828543695131026,2.0234939967695964,0.5335432726898364,26.914683274522357,13.99373441749375,3.5421853388658366,-11.17,42.36,73.3,long,short,long,16.04621309370988,-20.55890194529476
HEMI/USDT,2025-09-11 20:45:00+00:00,2025-09-11,0.2027,0.1609,7.710110592435508,7.01694922835753,29.28,0.02080978904184615,13.545766991244747,0.4830087819778543,0.7808072133963071,1.0,85.1666666666667,1.363827905836709,0.03048916594076653,0.07550565972289175,0.1834955217463663,0.05793528429410558,28.044556324165992,1.1404320804621897,1.8197638284648852,-22.28,-5.7,17.38,not_long,short,short,3.612804878048781,-27.9077743902439
NAORIS/USDT,2025-09-11 00:15:00+00:00,2025-09-11,0.2527,0.1754,7.794147232298276,7.196785952956602,203.65,0.06320210056868156,2.267900025219088,3.007745010425975,0.8776896942242358,2.0,85.06815365551425,1.343523114525259,0.06550827878321139,0.07328968714210386,0.5178510062367878,-0.020509561028222004,0.754020044038871,2.952400263607684,11.610604332953251,-28.74,-22.43,-44.72,not_long,short,short,10.92606854062379,-39.92106276472853
ASR/USDT,2025-09-12 13:45:00+00:00,2025-09-12,0.238,0.1053,7.364459549385659,6.741115498100442,13.14,0.010450413133252045,45.60937211642505,0.14520773344302745,0.9706959706959722,3.0,92.01183431952671,1.5825537484388081,0.011198438382904343,-0.00043088042708670955,0.04490653756506635,-0.0007761471280026144,314.0974040085818,0.426462844872425,1.2478632478632479,-6.54,-5.97,-12.15,not_long,not_short,skip,0.46745774901113535,-9.924487594390518
H/USDT,2025-09-13 16:45:00+00:00,2025-09-13,2.0946,0.1177,6.9166611497053445,7.237759876545605,69.52,0.021721451895882725,6.534935262232111,0.7246001881467545,0.9184652278177458,3.0,65.5045871559633,1.3019646765087494,0.04703329930102882,0.07238701372437208,0.24966768348331392,0.0637416768136811,9.018677291467359,2.1212207602660484,5.906542056074766,-24.09,-39.98,-22.29,not_long,short,short,27.542605827377663,-26.12699285321606
Q/USDT,2025-09-13 22:45:00+00:00,2025-09-13,0.3845,0.1092,7.3259266119288275,6.910842564389466,43.01,0.020698522993691487,5.5420682474698095,0.6038982490915099,0.7914979757085008,1.0,85.60773802587107,1.2568768782333846,0.042157808632912484,0.06843290889093372,0.1974691750236341,-0.003125033394905413,9.17715568112205,1.8083257786047078,3.9386446886446884,-4.95,13.17,19.84,long,not_short,long,44.17131591090229,-17.119006669742852
BTR/USDT,2025-09-14 12:45:00+00:00,2025-09-14,0.2653,0.1237,7.698869774976466,7.12253697357468,54.47,0.020686266779407853,23.386693919728962,0.6366029529586815,0.7358036573628486,6.0,95.59078523656183,1.4006190822846845,0.03860989960500329,0.3840948532057322,0.3537726082056376,0.35054489822338086,36.73670348375978,2.859924076035874,4.403395311236863,-24.52,-22.58,-24.22,not_long,short,short,28.103398617511523,-31.487615207373278
MUBARAK/USDT,2025-09-17 02:15:00+00:00,2025-09-17,0.3294,0.1244,7.6344772701607315,7.152196398790683,42.34,0.017581031087549655,9.200658506117595,0.4700538358008075,0.8784530386740329,3.0,83.30078124999997,1.4330475392557442,0.032184289028836605,0.15604244455831692,1.0162944152546345,0.13217292390390648,19.573627115376873,8.169569254458477,3.403536977491962,-17.7,-9.74,-23.62,not_long,short,short,3.8051044083526664,-22.923433874709975
TST/USDT,2025-09-17 02:15:00+00:00,2025-09-17,0.6068,0.2739,7.816909764541968,7.599938031945342,156.05,0.0358005797864406,11.25536885040522,1.7246704331450093,0.8413948256467944,3.0,93.33540952974151,1.3178857310861356,0.06045298671430624,-0.040645128279286125,0.6303741044385155,-0.0771859215245802,6.5260983397741565,2.301475372174208,5.697334793720337,-33.36,-33.22,-49.91,not_long,short,short,5.131522207848205,-40.10349288486418
LA/USDT,2025-09-18 10:00:00+00:00,2025-09-18,0.6964,0.4508,7.525692162053429,7.3685464726276235,54.1,0.03809305610573607,335.0742562399001,0.6814357823892319,0.7844748858447486,3.0,96.24804585721728,1.5856424156424747,0.033795829780637186,0.9499640639482677,0.8299289354553399,0.9540219320169098,491.7180237660425,1.8410136101493786,1.2000887311446318,-30.78,-34.17,-33.19,not_long,short,short,8.446373666124085,-32.62796165671911
F/USDT,2025-09-21 08:30:00+00:00,2025-09-21,0.3131,0.1222,7.27554168840131,6.771276235226072,9.42,0.014043580476961293,39.08650821977538,0.2758229999370555,0.5701194112746457,2.0,85.57264957264951,1.5648312619063653,0.025965762763217715,0.11010251944357226,0.19697298068826502,0.1095654639899639,141.70866181824996,1.6118901856650165,0.7708674304418984,-14.01,-22.62,-33.49,not_long,short,short,10.843054082714755,-19.909862142099676
IN/USDT,2025-09-24 08:15:00+00:00,2025-09-24,0.2487,0.2361,7.445969915110886,6.84166180686982,51.29,0.02840443401862821,126.3257616580675,0.6378248974008209,0.7529007305543622,4.0,98.40697324917342,1.4828282326714994,0.03697185840432323,2.588476786751624,2.4588837670032238,2.5966804438362003,198.05711908213902,10.414586052533773,2.172384582803897,-2.62,-14.39,-0.83,not_long,not_short,skip,43.900577782622904,-20.952796249863724
XPIN/USDT,2025-09-28 15:15:00+00:00,2025-09-28,0.5358,0.1045,7.170034884022737,6.899050506396218,14.26,0.011986788829947975,32.09178698551364,0.2084213141224692,0.8387395736793327,2.0,90.18966644865924,1.4632003111867482,0.01851243372414309,0.2843941098272649,0.2951390112130586,0.26478312962825207,153.97555245552468,2.8242967580196994,1.3645933014354068,-12.22,-23.91,-5.29,not_long,short,short,16.424464192368006,-16.476738107684273
SUPER/USDT,2025-09-29 08:45:00+00:00,2025-09-29,2.0077,0.3382,6.951755775118768,7.254444965244415,34.62,0.02968887377261329,573.0153160375228,0.4620240678634838,0.7864513234634366,3.0,96.68737060041398,1.5891062487574052,0.02670977573673263,0.9846464684270784,0.9611929443302069,0.9839894416311661,1240.2282822349289,2.8420844007398194,1.0236546422235362,-11.95,-14.83,-12.2,not_long,short,short,33.91956177021769,-25.299120657344677
Q/USDT,2025-10-06 15:45:00+00:00,2025-10-06,0.4313,0.1226,7.638799212613271,7.273541776973954,56.94,0.028451716411719723,7.172983065570772,0.6090301548492256,0.9315807799442889,2.0,79.25340054756423,1.176830771375529,0.05963897927527609,0.061068947368833795,0.3041675985847282,0.014210229112352854,11.777714138549593,2.4809755186356295,4.64437194127243,-1.65,-45.24,-48.31,not_long,not_short,skip,9.243611723405998,-22.69777124663238
KOMA/USDT,2025-10-07 23:45:00+00:00,2025-10-07,0.2965,0.1857,7.18521697803392,6.657296943720972,21.71,0.022281865964963378,9.012821781641408,0.2815249266862171,0.9519230769230772,1.0,82.75862068965515,1.5368167140933708,0.01946767631103074,0.12975752331332407,0.1575909124648808,0.13226668802532957,32.01429403687207,0.8486317310979041,1.169089929994615,9.26,0.67,-26.58,not_long,not_short,skip,49.76265822784809,-15.822784810126578
BMT/USDT,2025-10-08 04:00:00+00:00,2025-10-08,0.2106,0.1169,7.246829001424011,6.57030226005107,6.74,0.013414478754423632,26.556399900073128,0.1876881900301103,0.7372188139059308,3.0,80.27156549520765,1.5627884122655205,0.025561291125069965,0.15122063724101079,0.13876279599291585,0.07729305918786439,141.49211996669985,1.1870213515219492,0.5765611633875106,-1.87,-1.89,-37.47,not_long,not_short,skip,8.837614279494987,-11.159483384124226
STO/USDT,2025-10-09 11:30:00+00:00,2025-10-09,0.2651,0.1307,7.665721790288022,7.089112914142406,19.0,0.026173770000166987,3.3655645326719994,0.3285910395607137,0.7360594795539034,1.0,67.79483600837403,1.4952871243532482,0.03559265488816912,0.10008569806277588,0.02451295793904861,0.10908687120915432,10.242411166084596,0.18755132317558232,1.4537107880642692,2.96,-14.2,-14.14,not_long,not_short,skip,10.927313418312746,-12.114430281210476
ZEREBRO/USDT,2025-10-11 15:45:00+00:00,2025-10-11,0.6036,0.2483,7.636867532435437,7.417584246418282,160.46,0.11857544681876114,10.941579230195124,9.768472906403941,0.8041044776119399,2.0,90.46225863077824,1.1577231969827628,0.09817720350715274,0.15257619342217152,1.511353971537745,-0.18657175252141003,1.120091065925169,6.08680616809402,6.4623439387837305,-31.06,1.02,-17.63,not_long,short,short,36.2251961236733,-32.741116751269026
EVAA/USDT,2025-10-13 08:00:00+00:00,2025-10-13,0.3909,0.1064,7.2312153365087966,6.823276665023263,35.12,0.021652575802864425,5.236603906751309,0.43331018642166547,0.6742032143830017,1.0,92.30134726422875,1.2076400877814462,0.03873292215110113,0.02013707935511928,-0.03209226341462005,0.008253804125494939,12.085116091998431,-0.30161901705469973,3.300751879699248,-22.78,0.76,29.98,not_long,short,short,4.274666770294955,-24.116892705864068
H/USDT,2025-10-13 22:45:00+00:00,2025-10-13,2.1076,0.1116,7.29733473762286,7.621117980581121,134.02,0.028603426620204302,4.096683235264486,1.5183246073298426,0.6729294478527602,1.0,82.14956195244058,0.9878051185510526,0.06069038221089017,0.00016430506098490146,0.4467555857887202,-0.03894328939163241,2.698160337708679,4.003186252587098,12.008960573476703,-18.87,-28.23,-22.12,not_long,short,short,17.15576912075969,-18.952005034036958
SKYAI/USDT,2025-10-13 04:00:00+00:00,2025-10-13,0.2069,0.1842,7.757092220118933,7.072866885417491,237.23,0.05255445734645036,3.4496898198361814,3.703637447823495,0.7818821459982412,1.0,58.75271693696707,0.5496413969957497,0.14008297510746776,-0.025844615315383325,1.8114828138261199,0.15138485091960174,0.9314329138408107,9.834325807959392,12.878935939196523,-32.47,-43.98,-53.97,not_long,short,short,15.132960111966387,-43.037088873338
TA/USDT,2025-10-15 14:15:00+00:00,2025-10-15,0.5858,0.1339,7.261952432844132,7.02973740103314,133.93,0.03912922758232244,5.628702732333217,1.4307292895916923,0.7396668723010487,2.0,82.95284431137725,1.1029598068494035,0.08229584300485333,-0.017955888430407223,0.2728077902427736,-0.01072867776633182,3.9341493693328666,2.0373994790349035,10.002240477968634,-49.63,-50.28,-55.08,not_long,short,short,7.198424421467253,-54.01280157557853
SUPER/USDT,2025-10-16 00:00:00+00:00,2025-10-16,1.1595,0.127,6.799181830629164,6.863457530020262,12.83,0.017707688264183962,19.00050190669072,0.17303158887317294,0.8885298869143786,1.0,83.46354166666659,1.5479432778352558,0.01600632059460407,0.35587743632599417,0.45219079700500187,0.35683123582505927,109.80944017463497,3.560557456732298,1.010236220472441,-14.79,-22.24,-23.82,not_long,short,short,5.366653011061029,-16.263826300696437
XPIN/USDT,2025-10-16 23:30:00+00:00,2025-10-16,0.4055,0.1675,7.654048073785848,7.2620537065199295,155.29,0.05273588481283457,2.3540193326233574,1.7270248159258252,0.7639751552795025,2.0,65.93463155185725,1.460264507367903,0.06275051695920189,-0.020534156112994358,0.9145003645500315,-0.04515271327739376,1.3630489330064504,5.459703668955411,9.271044776119403,24.8,22.9,190.47,long,not_short,long,38.12855868834466,-22.63497290251766
ARC/USDT,2025-10-18 08:00:00+00:00,2025-10-18,0.3011,0.1332,7.141236493422979,6.619948549257999,26.91,0.01458513026282811,27.393216503041177,0.3201160541586074,0.8540540540540535,1.0,82.37547892720306,1.5475018369727782,0.019504676870748305,0.1431717352879114,0.18990955835205928,0.15227688575995763,85.57276696116186,1.42574743507552,2.02027027027027,-1.19,4.02,-2.53,not_long,not_short,skip,10.565476190476186,-12.202380952380953
FHE/USDT,2025-10-18 00:00:00+00:00,2025-10-18,0.3474,0.1763,7.188871136237304,6.729717272315005,86.81,0.023674097206093675,20.530968483654384,1.202,0.6453851492019431,7.0,94.21726559273029,1.253434658276796,0.062379110251450674,0.28428266943756014,0.8577868350505029,0.1197588131723909,17.080672615353066,4.865495377484418,4.923993193420306,-39.23,-44.42,-37.04,not_long,short,short,11.218568665377182,-41.56995486782721
KOMA/USDT,2025-10-18 05:30:00+00:00,2025-10-18,0.2888,0.1586,7.161926714473315,6.622580686319982,34.23,0.019440017895385006,78.17584444970755,0.5127092374457535,0.8631578947368413,6.0,93.10872894333845,1.493368809008888,0.02703911280705938,0.2854812081131633,0.22465694687026525,0.268588091979342,152.47598197990112,1.4165002955250017,2.1582597730138713,-13.56,-13.98,-20.66,not_long,short,short,6.969949916527551,-18.614357262103496
MLN/USDT,2025-10-19 11:30:00+00:00,2025-10-19,0.4056,0.1732,7.556601891847655,7.164660144250446,105.21,0.03897772074643778,7.257855854026332,1.2405431619786615,0.7062663185378595,4.0,85.06808216016614,1.381891769381586,0.05063611908877077,0.32427163826055116,5.8776006054922565,0.24487584049204653,5.8505468221275585,33.935338368892936,6.074480369515011,41.77,-16.52,-26.83,not_long,not_short,skip,44.88310743200217,-15.837351041571901
F/USDT,2025-10-21 05:00:00+00:00,2025-10-21,0.652,1.0242,7.2680160207819196,7.082259483940197,90.52,0.0718216188414477,371.64718699147204,1.2446124337131896,0.8721405988469408,2.0,97.97620258313842,1.5894796603585546,0.04650795363462604,3.6953874193042835,4.007064720574144,3.6476204136229664,298.6047519087496,3.9123850034896934,0.8838117555165006,-37.19,-19.53,-5.58,not_long,short,short,7.326283987915394,-50.69054812257229
BAS/USDT,2025-10-23 02:15:00+00:00,2025-10-23,0.3047,0.1835,7.600155784473169,7.083973423561727,63.05,0.034690152760888035,5.896780218502203,0.8033333333333337,0.8884892086330931,3.0,85.71428571428571,1.4918310187566008,0.04057932024033721,-0.004057559789016258,-0.26726073884630025,-0.07186191374616932,7.340390313488216,-1.4564617920779306,3.435967302452316,-0.56,-8.98,-10.3,not_long,not_short,skip,7.721280602636549,-35.7187696170747
PIPPIN/USDT,2025-10-23 15:00:00+00:00,2025-10-23,0.5396,0.2229,7.300350684100092,7.032461975612026,32.6,0.022212106532632465,188.78612395806914,0.40055440055440045,0.912280701754386,4.0,96.08938547486036,1.5523199075130578,0.024787180771156735,0.17344859383715677,0.18030140205119055,0.16108984553894984,471.31207071192705,0.8088891971789617,1.4625392552714223,43.26,25.29,-7.56,long,not_short,long,45.9689534301452,-18.778167250876333
H/USDT,2025-10-24 18:45:00+00:00,2025-10-24,1.6097,0.1203,7.547431095460649,7.7541745066745325,111.96,0.026253599773838537,11.516820794562667,1.2374681100461975,0.6750202101859331,2.0,92.35193219654931,1.394056671523832,0.04478729709489045,0.02037711856810816,0.15116134949883323,0.02180985716727528,9.306761686273045,1.2565365710626202,9.306733167082292,11.15,19.37,-10.36,long,not_short,long,30.254398096034496,-11.809732094040449
FUN/USDT,2025-10-28 04:45:00+00:00,2025-10-28,0.9438,0.1079,6.620477211833438,6.595361613768501,20.39,0.012938631511600001,58.09542687124633,0.3210526315789474,0.8151093439363821,5.0,84.70451911935109,1.4463939111006037,0.02336274177129284,0.37007034836743213,0.41852323431547067,0.36338742747661873,180.95296894322624,3.8788066201619156,1.8897126969416127,-21.85,-21.28,-38.36,not_long,short,short,1.7577197149643675,-24.22802850356295
KERNEL/USDT,2025-10-28 07:00:00+00:00,2025-10-28,0.2293,0.2758,7.780085612216026,7.140508357288776,21.05,0.02531930551839835,652.4299803970491,0.6212871287128714,0.46907216494845344,3.0,93.53049907578563,1.5862819355954183,0.03861554122836783,2.007135191307304,1.920646690343864,1.9971367461481027,1050.126342949832,6.96391113250132,0.7632342277012328,-23.85,-33.54,-52.68,not_long,short,short,24.46555819477436,-26.08076009501188
ENSO/USDT,2025-10-29 06:30:00+00:00,2025-10-29,0.3407,0.2269,7.67292251122478,7.205344431112427,22.23,0.025132590525779937,50.08732792429523,0.7084917617237009,0.506586826347305,4.0,96.08150470219437,1.5436309196651994,0.04672371790867638,0.5811069515575954,0.9406844593012837,0.582334506067649,70.69570971783352,4.145810750556562,0.9797267518730719,-31.26,-35.81,-50.37,not_long,short,short,17.883690424136446,-34.062090074333184
OL/USDT,2025-10-29 09:15:00+00:00,2025-10-29,0.3331,0.1044,7.512284143385347,7.034920053822092,15.61,0.028823989858062088,3.1274134475404587,0.6928653185806943,0.5907046476761616,4.0,79.57957957957954,1.3175265094998396,0.042576157351882964,0.08480378889138786,0.006479405977634862,0.07326633690648388,4.513739342512964,0.062063275647843495,1.4952107279693485,-17.34,-26.41,-49.29,not_long,short,short,9.978412089230048,-19.405133125449748
LAB/USDT,2025-10-30 18:15:00+00:00,2025-10-30,0.6238,0.208,7.163498746792184,6.958516533464674,32.13,0.03263220929494134,29.75397133147624,0.6955808734679786,0.662222222222222,2.0,87.87476490762253,1.410924682363153,0.05837811064749497,0.9605382846677579,0.8390203184027588,0.978691760658132,42.7757180601171,4.033751530782494,1.5447115384615386,9.1,-12.36,-19.86,not_long,not_short,skip,164.7404916999369,-22.80416053792814
PIPPIN/USDT,2025-10-30 19:30:00+00:00,2025-10-30,0.341,0.3711,7.513988800102837,7.046754726958586,72.62,0.035085947704879064,33.52644985011221,0.9976498237367804,0.845933014354067,8.0,90.16990291262135,1.4548169881954083,0.05625054675881375,0.048317172381474836,0.1616644084245394,0.08624938103557928,33.605428530560054,0.43563570041643607,1.956884936674751,14.39,19.23,-7.62,long,not_short,long,28.169014084507047,-27.89344764237599
SOLV/USDT,2025-11-03 15:45:00+00:00,2025-11-03,0.3893,0.1113,7.506882907105541,7.097137211185599,10.11,0.018577567871185894,5.207198459413602,0.22418405564472996,0.6999999999999997,1.0,68.13380281690141,1.3033672662609688,0.038895115037247074,0.04771802505204547,0.19715929661454626,0.05475369534869675,23.22733632611937,1.7714222517030211,0.908355795148248,-7.29,-19.47,-19.7,not_long,not_short,skip,13.013382556529773,-10.429164743885543
ALPINE/USDT,2025-11-04 16:30:00+00:00,2025-11-04,0.2758,0.1366,6.94310812866303,6.383764396199146,18.96,0.015269393831723498,14.382056932894995,0.3045342126957955,0.7656765676567658,1.0,83.70000000000005,1.3841830844625596,0.03135753135753137,0.14060490211748242,0.07440135420691843,0.052254726623117864,47.22640784949007,0.5446658433888611,1.3879941434846268,-11.78,-14.69,-5.53,not_long,short,short,9.880859880859894,-14.918414918414912
ENSO/USDT,2025-11-05 03:00:00+00:00,2025-11-05,0.2473,0.1138,7.387008049004932,6.780251406733281,9.83,0.015794396998115467,13.342771745511232,0.20300000000000007,0.8344827586206895,3.0,68.4397163120567,1.3267219672595922,0.02545849420849423,0.10381612376274524,-0.02594169923182816,0.10812653427102234,65.72793963306023,-0.2279586927225673,0.8637961335676626,-10.64,-9.54,-13.18,not_long,short,short,5.236486486486491,-11.48648648648648
HIPPO/USDT,2025-11-05 18:30:00+00:00,2025-11-05,0.4363,0.3326,7.360971883725936,7.000752674602186,24.78,0.03457366640443104,54.41673270289897,0.5298416565164433,0.6701754385964913,1.0,61.9935170178282,1.229771971193133,0.06113115978098557,0.28601611325314336,0.30471067647578604,0.2740424438869658,102.70376448064381,0.9161475540462598,0.7450390859891762,-8.54,208.19,212.2,long,not_short,long,25.435540069686425,-27.831010452961667
TST/USDT,2025-11-05 07:45:00+00:00,2025-11-05,0.3626,0.1258,7.2251516921335694,6.784526002753663,19.45,0.014968125658007665,36.170706793067644,0.2264021887824899,0.934272300469483,2.0,88.17567567567559,1.5738508147012726,0.016162669447341002,0.14295446452573524,0.1898340781134298,0.142998793739281,159.76306142436513,1.5090149293595374,1.5461049284578696,1.8,2.92,0.56,not_long,not_short,skip,10.499719258843342,-11.285794497473322
RESOLV/USDT,2025-11-06 08:00:00+00:00,2025-11-06,0.2886,0.1608,7.553088718524618,7.0133119062706655,66.62,0.028299548145509543,7.850715990427492,0.860781990521327,0.8240205523442513,3.0,88.57534246575342,1.201354349930487,0.05364853195164072,0.1490177626258776,0.2842055022933241,0.009643687329125988,9.1204463811711,1.7674471535654483,4.1430348258706475,-20.13,-7.43,42.64,not_long,short,short,11.301813471502587,-32.51295336787564
FLUX/USDT,2025-11-07 16:45:00+00:00,2025-11-07,3.106,0.8245,6.07703233315589,6.56923458526575,134.94,0.062342036968821624,179.93875705212616,1.4868282402528978,0.8950617283950618,5.0,99.03846153846155,1.5692119872057353,0.04738582877496501,1.0177171915784051,0.9691637722790831,1.0097843423627766,121.02188550139456,1.1754563641953706,1.6366282595512431,-3.96,-17.45,-30.9,not_long,not_short,skip,33.12555654496882,-45.414069456812115
LAB/USDT,2025-11-07 12:45:00+00:00,2025-11-07,0.4755,0.1228,7.245046241791368,6.922188354629451,61.43,0.02165781902159595,8.505955980381865,0.6550646398636172,0.8452220726783305,5.0,80.1098901098901,1.24356144199894,0.05534719112305319,0.18505414356766847,0.1884082838807554,0.17511678895532215,12.984910896965502,1.5342694127097345,5.002442996742671,-23.65,-22.09,-46.22,not_long,short,short,11.407175200278651,-30.137582723789624
TA/USDT,2025-11-10 17:00:00+00:00,2025-11-10,0.6712,0.2415,7.252046775964611,7.078917947601923,131.21,0.032391156948968776,20.693396960980944,1.4834770114942528,0.7593393629571377,5.0,87.46447742342912,1.2547043800846807,0.08794364007944502,-0.025158379947422555,0.5528240661663807,-0.1826159793327141,13.949253544641877,2.289126567976732,5.43312629399586,-56.2,-59.03,-65.24,not_long,short,short,22.20431190812009,-57.30404996977634
SUPER/USDT,2025-11-13 01:15:00+00:00,2025-11-13,0.813,0.1237,6.64638431488466,6.556481127951547,14.16,0.012874443366365552,108.65692281412659,0.19512195121951204,0.8770301624129936,4.0,87.74774774774771,1.5617619146665631,0.015662700723853895,0.23383581440568615,0.21485835126190378,0.23784317858181894,556.8667294223992,1.7369308913654307,1.1447049312853677,-19.95,-22.74,-33.11,not_long,short,short,1.3104251601630867,-21.083284799068135
EVAA/USDT,2025-11-14 03:00:00+00:00,2025-11-14,0.6222,0.1217,7.133748021904379,6.927695038476876,24.46,0.021853770249903343,13.143608232194019,0.4244224422442245,0.6861538461538466,6.0,82.77027027027029,1.3808737427216002,0.037868260144524726,0.07397662127334978,0.1684498934314538,0.07511771408294374,30.968221573520896,1.3841404554762022,2.0098603122432213,-40.86,-31.23,-46.01,not_long,short,short,15.710116731517498,-47.81128404669261
ZEREBRO/USDT,2025-11-15 12:00:00+00:00,2025-11-15,0.5668,0.1646,7.6503832897364346,7.403834991295766,33.46,0.020476324253624976,61.99129298862582,0.4220413274890419,0.7006651884700664,4.0,96.70329670329673,1.4833820596716627,0.027127200690161977,0.07976334341967313,0.11829254534198667,0.0251728684944523,146.88441380242648,0.7186667396232483,2.0328068043742404,-33.42,-36.59,-48.69,not_long,short,short,1.9906061283829102,-34.265265041377766
AKE/USDT,2025-11-18 06:00:00+00:00,2025-11-18,0.3262,0.1014,7.142623290139972,6.656119964127051,30.87,0.016115503483321362,63.214378668869074,0.4112573763050388,0.7560646900269535,6.0,90.1484480431849,1.3920628609618233,0.024716255510740092,0.8967107366013611,1.335458366800541,0.6995723349976402,153.71001788909328,13.170200856021115,3.044378698224852,-41.83,-26.02,-42.04,not_long,short,short,25.37754432042023,-46.15889691398555
SKYAI/USDT,2025-11-18 15:30:00+00:00,2025-11-18,0.2086,0.4319,7.418135498425232,6.737549794492235,41.34,0.03718653632622719,171.5034634306558,0.5392550143266475,0.9080459770114944,3.0,95.11930585683298,1.587970494707473,0.030627829596901763,0.9821481286035609,0.918414769181068,0.9861734663349544,318.0377722491971,2.1264523481849222,0.9571660106506137,-14.17,-16.34,-17.6,not_long,short,short,16.53302787323405,-30.660557464681183
SOLV/USDT,2025-11-18 10:15:00+00:00,2025-11-18,0.462,0.1448,7.380807010634238,7.045450939865958,13.2,0.014963435642821758,233.82262048825967,0.27470059880239517,0.6996587030716716,4.0,91.40127388535034,1.5657813066437247,0.021547545606768317,0.3289611309832638,0.3467228991538828,0.32514893230233516,851.1907928400952,2.3944951599025055,0.9116022099447513,-0.68,-0.37,4.32,not_long,not_short,skip,6.66255397902531,-13.016656384947556
BAS/USDT,2025-11-19 14:15:00+00:00,2025-11-19,0.2215,0.1883,7.28443073384452,6.629859462303665,26.23,0.02100722541526464,118.52031852423889,0.4051724137931034,0.6354166666666673,2.0,91.78743961352657,1.5415987244754599,0.03265306122448977,0.21225115562873179,0.22467050355851498,0.20880836383255033,292.5182329534407,1.1931519041875465,1.3929899097185343,-31.6,-31.79,-31.39,not_long,short,short,5.8441558441558294,-44.02597402597404
TNSR/USDT,2025-11-19 12:30:00+00:00,2025-11-19,0.4437,0.1393,7.237269201402659,6.884320551417391,37.19,0.031629022913833085,20.792173945029766,0.7689432551817873,0.8226857887874838,4.0,89.79074191502853,1.4071925161092662,0.03428183906773328,1.2093270334300035,1.2853466880929683,1.1846074558391102,27.03993279727026,9.227183690545356,2.669777458722182,458.54,315.21,189.23,long,not_short,long,604.6308854873085,-13.989536911451273
ALLO/USDT,2025-11-21 12:00:00+00:00,2025-11-21,0.2114,0.1377,7.71343547576675,7.038553284191961,44.34,0.03001922890296759,1.8681160623972308,0.8210884353741498,0.8184438040345821,3.0,75.93582887700533,1.268682926610806,0.04428145352729929,0.023083770081346978,-0.10116736677658789,0.018581884667289744,2.27517034939845,-0.7346940216164698,3.22004357298475,-31.23,-34.73,-30.29,not_long,short,short,6.007669365147006,-34.9808265871325
ENSO/USDT,2025-11-21 17:45:00+00:00,2025-11-21,0.2082,0.1101,7.299531703926425,6.617964578562366,19.8,0.015620912549976046,8.1874977480304,0.44477172312223845,0.8807339449541283,1.0,80.06535947712416,1.164973791029122,0.04183884297520661,0.03304044619464369,-0.05851240037651051,0.0455805317281186,18.408314473220674,-0.531447778169941,1.798365122615804,-16.53,-20.45,-20.41,not_long,short,short,15.185950413223148,-17.871900826446275
JELLYJELLY/USDT,2025-11-21 04:45:00+00:00,2025-11-21,0.3288,0.1069,7.732714946559481,7.2496115112851784,46.89,0.023887067797570584,6.989283330385999,0.5431500996866988,0.7521613832853018,4.0,89.5727365208545,1.3093257551092299,0.040816326530612235,0.04443146355216216,0.024818797138961984,0.054684821345072035,12.86805127057433,0.23216835490142176,4.386342376052386,-30.46,-25.83,-25.65,not_long,short,short,13.619541080680996,-31.532198371576612
PARTI/USDT,2025-11-21 18:15:00+00:00,2025-11-21,0.3511,0.3841,7.246910521964994,6.792388817541378,25.8,0.0340921341656908,75.10461156946371,0.5163216560509554,0.9589603283173735,1.0,89.39969604863224,1.5774236443463054,0.0314255551785243,0.6456306807180838,0.5429467604294288,0.6509768854037155,145.46089765805155,1.413555741810541,0.6717000781046604,-10.58,10.21,33.56,long,short,long,36.4740036949063,-28.41119028767485
PIXEL/USDT,2025-11-21 00:30:00+00:00,2025-11-21,0.2079,0.1058,7.090926302659367,6.408764195093823,26.1,0.020656225274799468,10.144739815522438,0.4042891183478952,0.47515527950310554,4.0,88.26666666666668,1.3620074037907772,0.035736621102474775,0.15930341340735088,0.6083019569511287,0.15113418719461272,25.092784730339385,5.749545906910479,2.466918714555766,-13.63,-20.2,-23.76,not_long,short,short,10.569105691056912,-23.139462163852407
PIPPIN/USDT,2025-11-22 21:30:00+00:00,2025-11-22,0.3553,0.1175,7.48069799962705,7.03123228676009,36.32,0.021755050689155325,7.596632882781352,0.5625,0.6898047722342732,1.0,65.56042579837194,0.8457146703156664,0.07036599763872492,-0.07905619525411181,-0.03753137803462796,-0.17807658086961822,13.505125124944625,-0.31941598327342946,3.091063829787234,-7.5,116.46,225.79,long,not_short,long,183.23966942148763,-27.239669421487612
TA/USDT,2025-11-23 07:00:00+00:00,2025-11-23,0.5978,0.1099,6.719016226350365,6.495601222235417,18.69,0.014387392928660616,40.19228692181629,0.2816482582837723,0.7272727272727277,2.0,87.61726078799248,1.4748022841349164,0.025241860236703835,0.18047656454741606,0.2299177999763231,0.17201240772798287,142.7038362201441,2.092063694052076,1.7006369426751593,-8.42,-4.57,-4.68,not_long,not_short,skip,7.15022344448264,-11.653489171536613
BANANAS31/USDT,2025-11-24 13:45:00+00:00,2025-11-24,0.3103,0.1198,7.582290682718994,7.074132546668501,59.58,0.03829371449699376,5.823243147858281,0.723413198823035,0.5572207084468663,2.0,59.5704948646125,1.1210845925270239,0.044479330193615926,0.14061015700989504,1.6846771526836972,0.14456972217872185,8.049677773826176,14.062413628411496,4.973288814691152,-11.25,15.67,-2.75,long,short,long,12.454212454212454,-11.930926216640502
TRADOOR/USDT,2025-11-24 08:00:00+00:00,2025-11-24,0.2561,0.3245,7.38880066242313,6.797229027523094,71.63,0.04291817566120927,12.086818126649018,0.8841463414634148,0.7307692307692306,1.0,71.61687170474517,1.3335685636989676,0.07674593870373474,0.32503684025122404,0.26931305345573286,0.41557684770801545,13.67060808807199,0.8299323681224433,2.2073959938366716,-31.54,-11.25,199.59,not_long,short,short,57.56154747948419,-36.69402110199296
H/USDT,2025-11-25 15:15:00+00:00,2025-11-25,0.9651,0.1105,7.183942578491845,7.168509710773565,10.74,0.012533473737796761,56.2082202843354,0.2518329070758738,0.5155829165063489,2.0,86.88524590163938,1.5739883210095411,0.021215304303539597,0.018346707201030533,0.020641969346771264,0.022561029834784797,223.1964874526927,0.18680515245946847,0.971945701357466,17.16,-9.24,-6.33,not_long,not_short,skip,18.092691622103384,-32.98425430778372
TAC/USDT,2025-11-26 13:45:00+00:00,2025-11-26,0.464,0.5526,7.4554811455717624,7.121972539649533,142.37,0.047712933578171995,84.44763519003789,1.545151298546581,0.9002939735423814,8.0,97.45922208281054,1.4556841906225115,0.0586994119681771,1.865759475181603,3.230628946342374,1.6005060702228915,54.653311471486354,5.846234068661553,2.576366268548679,-44.72,-49.74,-55.23,not_long,short,short,63.68038740920095,-49.60774818401937
AKE/USDT,2025-11-27 03:00:00+00:00,2025-11-27,0.3143,0.1234,7.042170047331114,6.53957173999077,37.56,0.0193464531482219,21.777121695891093,0.4345132743362832,0.7890044576523029,7.0,97.95918367346934,1.4216140307020564,0.024026242685737945,0.012040967658682386,0.051815826727654925,-0.09318882541398463,50.118426713557916,0.419901351115518,3.0437601296596437,-17.15,-10.86,-20.17,not_long,short,short,4.50972279685562,-20.355812991311552
SUPER/USDT,2025-11-27 11:15:00+00:00,2025-11-27,2.9071,0.1091,6.583194238232332,7.04665078790305,46.83,0.01613462694420914,25.068507226171842,0.49373433583959886,0.9012345679012351,4.0,77.75816416593113,1.2855335436880346,0.044050425828802385,0.39765142212075366,1.802138247057351,0.33990968387371295,50.77327098092674,16.51822407935244,4.292392300641613,-19.13,-11.75,-12.8,not_long,short,short,1.0104412260020235,-20.074099023240144
MLN/USDT,2025-11-28 20:45:00+00:00,2025-11-28,0.2311,0.1106,7.393950008714073,6.75771100582127,42.62,0.015121970738539063,17.617994633851538,0.494346978557505,0.8096774193548383,3.0,91.75108538350216,1.1539886293304942,0.04066108517755562,0.2433478635782981,2.105742600209247,0.09591530500209641,35.63892447620598,19.03926401635847,3.8535262206148277,-23.44,-19.88,-32.99,not_long,short,short,2.31512104775764,-24.804868368831855
PARTI/USDT,2025-11-30 13:30:00+00:00,2025-11-30,0.6287,0.1448,7.4036254167688345,7.202040741394979,10.46,0.014969395131373209,37.9683334477606,0.22930814940577238,0.6501182033096929,2.0,87.9750425411231,1.5800693301084552,0.019507996373050174,0.13487972565834286,0.12405341867028989,0.1310662892052421,165.57777622012776,0.8567225046290737,0.7223756906077349,-5.87,6.96,17.59,not_long,not_short,skip,9.272376046361885,-12.887498850151779
JELLYJELLY/USDT,2025-12-01 23:45:00+00:00,2025-12-01,0.3009,0.1942,7.64305728857886,7.121459974518451,20.14,0.029147168579657406,9.389243850000899,0.5075901328273242,0.9346405228758161,1.0,51.599147121535175,0.7748238001527751,0.061679448849603545,-0.026244401634597618,0.012091602936211778,-0.022409155901237033,18.497687883927014,0.06226366084558073,1.0370751802265705,-10.58,4.03,-8.8,not_long,short,short,21.769790718835313,-19.040036396724304
TRADOOR/USDT,2025-12-01 10:15:00+00:00,2025-12-01,0.2746,0.3128,7.810709193662604,7.249353574635637,28.73,0.05502582474973514,5.237652316706098,0.7775757575757576,0.895,1.0,43.02298033641317,0.3378650785720115,0.11119211385463881,-0.15115528474903475,-0.25880800512925484,-0.08161815658846351,6.735873984851958,-0.8273913207456995,0.9184782608695652,-66.94,-67.34,-63.39,not_long,short,short,48.169514089194585,-74.61726203683159
ACT/USDT,2025-12-03 02:15:00+00:00,2025-12-03,0.2214,0.1447,7.333741950622814,6.678894058773891,21.91,0.015105568654068797,20.35250243944958,0.295281582952816,0.8857938718662951,2.0,92.80397022332501,1.5833446166451435,0.016074978699233158,0.09577551636713105,0.03657207359450787,0.08792449716983858,68.92574279751736,0.2527441160643253,1.5141672425708363,-9.22,0.76,-14.83,not_long,not_short,skip,3.6580516898608417,-16.580516898608355
SAPIEN/USDT,2025-12-03 14:30:00+00:00,2025-12-03,0.2086,0.1113,7.606837994165404,6.926195049649283,37.45,0.01868348389198859,25.63397368676317,0.4442980144087155,0.7822308063737319,2.0,86.64807390622278,1.2105691882439544,0.04411024470367982,0.07336255212627625,0.5218746412712434,-0.31284250090295807,57.69544957538825,4.688900640352592,3.364779874213837,-3.82,14.37,-9.93,long,not_short,long,26.723125424986094,-11.182543116770717
HIPPO/USDT,2025-12-04 03:15:00+00:00,2025-12-04,0.3036,0.1217,7.122870922864435,6.605209771095176,17.43,0.014052500417308014,63.598824695880424,0.19822222222222233,0.867469879518073,1.0,76.2295081967213,1.4661036748589398,0.017655291204650668,0.14113241370132662,0.12317060904075751,0.14370641373423848,320.84608871240107,1.0120838869413107,1.4322103533278554,-3.32,-7.69,-15.45,not_long,not_short,skip,2.4868123587038493,-11.303692539562915
PTB/USDT,2025-12-04 14:15:00+00:00,2025-12-04,0.2021,0.1096,7.134379890418084,6.439963935920905,8.22,0.015557346547816375,21.509592760435947,0.22909090909090923,0.7738095238095228,2.0,85.84905660377353,1.5692874315388472,0.020842379504993513,0.13922163831058593,0.513359617670258,0.1160290603192068,93.89107950983939,4.683938117429361,0.75,-25.38,-39.21,-49.56,not_long,short,short,2.735562310030404,-29.78723404255319
SKYAI/USDT,2025-12-04 14:15:00+00:00,2025-12-04,0.2396,0.1228,7.539703238947825,6.919228970416107,26.92,0.019238576508228817,12.060899337000128,0.4085634253701482,0.832967032967033,1.0,93.82579933847849,1.208118538366088,0.030571016285302004,0.13394506774549,0.2869846801909725,0.07963912911598911,29.520261942373466,2.337008796343424,2.192182410423453,-8.28,3.26,-15.06,not_long,not_short,skip,20.432900432900446,-27.157287157287158
TA/USDT,2025-12-04 17:45:00+00:00,2025-12-04,0.5033,0.1473,6.743258836232699,6.445080555073714,18.58,0.015467271698731837,25.91588849729605,0.21959721146398134,0.8350951374207188,1.0,76.74418604651164,1.5491205272186526,0.022129853241686776,0.044613963065583115,0.014555554500330107,0.04288779958940735,118.0155627866286,0.09881571283319829,1.2613713509843856,-9.46,-7.7,-17.85,not_long,not_short,skip,5.786736020806238,-13.75162548764629
XNY/USDT,2025-12-04 17:45:00+00:00,2025-12-04,0.3597,0.968,7.463407681137689,7.019389747521436,177.36,0.07083588539020164,92.22329303417052,1.9446736229070616,0.9016238373009617,2.0,96.79874048806087,1.5517870186634901,0.06186339677351976,0.6402645646011599,1.6312230202161915,0.3853266826884883,47.4235326421034,1.6851477481572226,1.8322314049586779,-49.02,-58.94,-60.92,not_long,short,short,80.61408789885611,-62.14844757891116
FHE/USDT,2025-12-07 18:45:00+00:00,2025-12-07,1.1797,0.2021,7.019345221733676,7.091116126981733,161.78,0.04082866336366179,4.549865250946014,2.2092426187419774,0.5393430099312448,1.0,66.23255813953487,1.136817902106279,0.10288163848535366,-0.17869302029908488,1.4808609423344177,-0.17044705271364746,2.0594683500795723,7.3273673544503595,8.004948045522019,-28.41,5.0,91.4,not_long,short,short,18.123362705406045,-35.437008811621816
HEMI/USDT,2025-12-07 01:00:00+00:00,2025-12-07,0.2343,0.1352,7.208652271284432,6.578459954887119,17.22,0.01396551674657143,135.48567473960694,0.7294721407624634,0.21767955801104968,4.0,93.07958477508649,1.560460216145762,0.04823803765762655,0.23168623704654523,0.3366439579058578,0.14395430993755426,185.73111592444607,2.4899701028539782,1.2736686390532543,-0.85,-5.5,-10.7,not_long,not_short,skip,42.62394195888754,-12.091898428053193
ALLO/USDT,2025-12-09 02:15:00+00:00,2025-12-09,0.2916,0.1898,7.635621392329406,7.100415971323262,27.32,0.01963972070715046,50.95375004606373,0.41368078175895767,0.6007677543186184,3.0,87.41573033707867,1.5762099230712217,0.028141837774865276,0.4044818580868272,0.5160141468433083,0.40934967535037636,123.17166349717768,2.7187257473303914,1.4394099051633298,-20.23,-26.91,-40.57,not_long,short,short,10.601427115188567,-22.782874617737015
PROMPT/USDT,2025-12-12 22:15:00+00:00,2025-12-12,0.2878,0.1467,7.150496798416019,6.6096281270947355,28.09,0.017179622828519762,177.46867192273257,0.3633440514469455,0.9202733485193615,11.0,97.30722154222768,1.451532450393314,0.024676558400434288,1.837145895597,2.201165760635642,1.7441293127475457,488.43147759265315,15.004538245641733,1.9147920927062032,15.25,-5.53,-18.21,not_long,not_short,skip,53.103229892336934,-13.20455984800506
BAS/USDT,2025-12-14 15:45:00+00:00,2025-12-14,0.3511,0.2231,7.399543932821835,6.944915319859177,91.73,0.035096111442445094,8.458307131676694,1.2806870548806035,0.627269612881124,2.0,86.55172413793103,1.3594711893195537,0.06478173614768215,-0.09092462141107256,0.7437236799555761,-0.2006457246254823,6.604507400494689,3.33358888370944,4.111609143881668,-31.07,-18.43,-46.98,not_long,short,short,8.478629072431998,-34.63186211019229
FHE/USDT,2025-12-14 15:30:00+00:00,2025-12-14,0.775,0.4018,7.294156157102688,7.183446544226417,75.3,0.0409523443568475,28.17422494264434,1.1341804320203301,0.7347600518806747,4.0,99.33571793561573,1.388116577538357,0.06295399515738499,0.15400391540897196,0.1612313745611427,0.0821553474559926,24.84104305384394,0.40127270921140545,1.8740666998506719,-10.78,16.95,-44.42,long,short,long,14.672400708322787,-32.78522641032128
SWARMS/USDT,2025-12-15 17:30:00+00:00,2025-12-15,0.4499,0.1742,7.366416363371524,7.0195721642049,90.89,0.024975123285395355,23.726505504991398,1.0588235294117645,0.6182795698924726,10.0,86.64085188770571,1.4103025205360358,0.055330261136712765,-0.02117467656081108,0.5177544401111371,-0.1554397159571192,22.408366310269656,2.972183927159226,5.217566016073479,-19.7,-30.06,-27.18,not_long,short,short,6.88172043010753,-41.46236559139784
EDEN/USDT,2025-12-16 05:15:00+00:00,2025-12-16,0.4242,0.3724,7.143386665780034,6.770976982139671,29.21,0.03349237581062459,95.68135195980118,0.5308072487644153,0.8066053796390874,4.0,96.41404805914972,1.5837561397777624,0.0303188965426968,0.5093326313647286,0.4715998364046077,0.516883919187123,180.25630241961295,1.266379797004854,0.7843716433941997,-19.67,-30.95,-27.17,not_long,short,short,6.425380826938509,-27.21337761997481
PTB/USDT,2025-12-16 17:45:00+00:00,2025-12-16,1.0678,0.126,7.112450759394305,7.140926297815871,112.64,0.03075240622115377,4.247299565148348,1.386884108258154,0.5271084337349401,1.0,51.87110187110187,0.8239366575060488,0.06532014979905004,-0.06353015745918922,2.19107063249105,-0.09559336403757822,3.0624761938347604,17.38944946421468,8.93968253968254,-29.51,-51.69,-50.08,not_long,short,short,26.91815856777491,-35.45396419437341
ACT/USDT,2025-12-17 15:00:00+00:00,2025-12-17,0.3572,0.1746,7.337353220589579,6.890254199799127,22.75,0.01729182164118531,61.612334449167264,0.27186406796601703,0.9128329297820817,1.0,84.37500000000003,1.5288905239659945,0.02509576385759353,0.27424704220411983,0.4472894324650364,0.1952330648249785,226.62919344261707,2.56179514584786,1.3029782359679267,11.04,24.37,65.38,long,not_short,long,17.823343848580443,-15.930599369085186
H/USDT,2025-12-17 21:15:00+00:00,2025-12-17,1.6899,0.1878,6.995981658453918,7.223830761158752,23.8,0.029149240071147647,7.583957632903398,0.6153846153846155,0.867462311557789,1.0,32.730324505781425,0.2955676835565039,0.0785190879649318,-0.008612388504963372,0.2993185487592005,0.03232303061918354,12.323931153468019,1.5938154886006417,1.2673056443024493,6.65,15.88,73.99,long,not_short,long,21.11289214563774,-17.861231967025425
D/USDT,2025-12-23 16:45:00+00:00,2025-12-23,0.2118,0.1062,7.167466564597806,6.493326418210364,19.79,0.013653368672529228,310.2619728058796,0.2586872586872586,0.802083333333333,7.0,91.61676646706584,1.476932326120937,0.02052903455646596,0.9389305875224722,0.7898485972793183,0.938080600691019,1199.3709098018335,7.437369089259118,1.8634651600753294,-3.12,-9.1,-11.28,not_long,not_short,skip,16.895261845386543,-10.349127182044882
ZBT/USDT,2025-12-24 03:45:00+00:00,2025-12-24,0.2321,0.1324,7.3505733265069635,6.716254744065218,25.86,0.01410656182877481,69.96820041252724,0.3068181818181817,0.891666666666667,5.0,87.7358490566038,1.4629135493871663,0.0232630757220921,0.42097688386662035,0.6192368731737169,0.3307939190562455,228.044505048237,4.67701565841176,1.9531722054380667,23.72,65.36,71.91,long,not_short,long,29.836065573770497,-12.568306010928953
ZKP/USDT,2025-12-26 06:15:00+00:00,2025-12-26,0.2673,0.1903,7.5228018640095184,6.949786692503772,24.47,0.02229602825352464,40.47445534201952,0.5437007213554773,0.5743478260869563,3.0,89.93600930773708,1.4699322991666486,0.04625611590394359,0.5663364348029013,0.710940235647701,0.40611015395343275,74.44252647139103,3.7358919371923336,1.2858644245927482,-7.15,-4.48,-24.83,not_long,not_short,skip,11.88430352172336,-17.911170277139043
TA/USDT,2025-12-29 00:15:00+00:00,2025-12-29,0.7252,0.123,6.698691966886123,6.559129344347682,27.4,0.015384644593761541,24.094224602286662,0.3408134642356242,0.7450980392156865,1.0,89.33764135702741,1.3630686276182067,0.028715520790448732,0.16359474702905297,0.2669094557943423,0.1369963331273193,70.69622280424028,2.1699955755637585,2.227642276422764,-12.32,-8.07,1.12,not_long,short,short,5.835734870317011,-17.79538904899135
TRADOOR/USDT,2025-12-30 14:15:00+00:00,2025-12-30,0.3643,0.3022,7.4435026049465565,7.004987955489638,36.17,0.027441368436532915,129.14146214557903,0.4114326040931545,0.8651252408477845,1.0,91.2820512820513,1.577404262051073,0.027943890734588413,0.2678379660484216,0.2539180922688272,0.26192463745602995,313.8824217157556,0.8402319400027373,1.1968894771674388,-25.01,-19.38,-17.83,not_long,short,short,16.69250645994831,-30.180878552971578
STORJ/USDT,2026-01-05 12:30:00+00:00,2026-01-05,0.2913,0.1008,7.3389927153356656,6.803379331731095,16.06,0.010878463958026352,80.99727760041252,0.19890795631825267,0.8224852071005916,8.0,97.50000000000004,1.503691585270142,0.016139657444005258,0.28721721793299,0.2679686983768232,0.288403044354655,407.20984268128973,2.658419626754198,1.5932539682539681,-3.89,-7.25,-12.65,not_long,not_short,skip,6.4558629776021,-9.881422924901173
ZKP/USDT,2026-01-07 10:30:00+00:00,2026-01-07,0.2834,0.2716,7.475863121497351,6.928275687655992,19.88,0.024918430309468182,70.64986173321752,0.3034778049632995,0.9738702735936053,3.0,94.8510993598664,1.5860871678675132,0.020499658098255814,0.941437346857154,0.7141176221484812,0.9491580028147785,232.80075372154948,2.6292990506203284,0.7319587628865979,17.24,11.57,-5.3,long,not_short,long,51.22362300276413,-21.364525045506642
TA/USDT,2026-01-08 11:45:00+00:00,2026-01-08,0.7594,0.1971,6.916611845109346,6.797094342630254,33.79,0.020921787847220645,74.38658700287218,0.464869775893398,0.7301740812379109,3.0,88.6259541984733,1.5307892166057204,0.030768032403801243,0.20458228840898898,0.237193758397752,0.198525917106046,160.01596761139015,1.203418358182405,1.7143581938102486,-2.68,-12.1,-18.47,not_long,not_short,skip,7.219193020719739,-17.055616139585606
DOLO/USDT,2026-01-12 14:00:00+00:00,2026-01-12,0.2921,0.2779,7.4030751496234375,6.868665770603915,31.13,0.025656884012267605,762.8356455724693,0.41862769383205345,0.802294197031039,4.0,94.29133858267716,1.580183743492886,0.026622426585850123,1.2544806177178744,1.3945470136912503,1.184120197864576,1822.2292906367213,5.0181612583348345,1.1201871176682259,6.77,5.78,2.58,not_long,not_short,skip,38.00292611558156,-22.36649597659107
FHE/USDT,2026-01-15 13:45:00+00:00,2026-01-15,0.8617,0.1522,7.2791221376983355,7.214502395464968,63.88,0.027706265208957904,8.509808188830942,0.6908212560386474,0.9065588499550752,1.0,60.535230352303515,0.9744956992087142,0.04181709347350305,0.019997529024491426,0.6970933240613275,-0.04527382901508954,12.318393671944088,4.580113824318841,4.197109067017083,31.06,84.39,113.15,long,not_short,long,51.630221291082904,-14.403561607961235
ZBT/USDT,2026-01-15 10:00:00+00:00,2026-01-15,0.2451,0.1188,7.496701362185202,6.88597750334161,12.76,0.012395351437162421,35.41635632833526,0.16727272727272716,0.9714285714285715,3.0,94.04761904761904,1.5664236703384422,0.013326642132262728,0.1020955626528882,0.0843699091395449,0.10183938656825874,211.7282171802653,0.7101844203665395,1.074074074074074,-16.24,-17.72,-26.54,not_long,short,short,4.683840749414525,-17.33021077283372
STO/USDT,2026-01-17 19:30:00+00:00,2026-01-17,0.234,0.1096,7.346305766813617,6.715518751512354,30.41,0.01209584807420222,88.10776022553723,0.3208399787347155,0.9136150234741792,2.0,83.13878080415039,1.5150231656271087,0.021897704366489242,0.43223687042975406,0.5346683884358558,0.4263675934809256,274.61590221082946,4.878361208356349,2.7746350364963503,16.94,4.9,-16.47,not_long,not_short,skip,40.08730078164655,-9.927926098873208
ARPA/USDT,2026-01-19 21:45:00+00:00,2026-01-19,0.4043,0.164,7.330445938361497,6.937160781249034,64.7,0.030379855516568403,5.062626291400887,0.9443969204448245,0.9164179104477606,1.0,61.082474226804116,1.0553797729146273,0.03805808693371795,0.033209089228657986,2.87027713315444,0.0720268450491478,5.360697585731557,17.501689836307563,3.945121951219512,-27.86,-25.84,-41.07,not_long,short,short,1.5603487838458108,-29.508949059201473
SKYAI/USDT,2026-01-19 06:00:00+00:00,2026-01-19,0.2011,0.1035,7.665393350279712,6.968791141558746,12.55,0.011944221075100512,72.95643080987516,0.2144116906021667,0.6781250000000002,2.0,89.12732474964238,1.4852908156881746,0.0178417088529448,0.09374598976078678,0.10227975172796118,0.08557889664976634,340.26330656215583,0.9882101616228134,1.21256038647343,-0.67,-6.78,-14.78,not_long,not_short,skip,4.624027657735508,-9.680207433016431
NAORIS/USDT,2026-01-20 23:45:00+00:00,2026-01-20,0.2466,0.1364,7.34168926892286,6.733723478071427,52.71,0.02275600972069713,14.748343593165202,0.6308100929614874,0.9544468546637754,2.0,60.962914769030604,1.1887607817111967,0.05158838433053984,0.2069174086741057,1.3652158663556224,0.22952215887771568,23.38000573821768,10.008913976214242,3.864369501466276,-18.42,-12.09,-23.63,not_long,short,short,75.03410641200546,-35.388813096862215
AIA/USDT,2026-01-21 00:15:00+00:00,2026-01-21,0.2797,0.1075,7.448580108882795,6.895215626710656,-1.53,0.04797354670229861,0.6123265782802606,1.39853392982267,0.9139426284189469,2.0,31.906670483824797,0.3448238311209657,0.07545121969731468,-0.026933550020241837,0.25630038446360176,0.0007084938037321686,0.4378346246900866,2.384189622917226,-0.14232558139534884,-23.88,-19.52,-38.14,not_long,short,short,19.781815605851282,-28.689831048772717
BLUAI/USDT,2026-01-23 17:15:00+00:00,2026-01-23,0.3132,0.3972,7.20320852850861,6.69906006767232,107.4,0.045253017325315344,302.1065649481644,1.3840155945419104,0.6694439413149791,3.0,96.86581782566111,1.4870320879741905,0.05410156679192211,0.42135296093186864,0.47657229199973533,0.35390452147596296,218.2826307301526,1.1998295367566347,2.70392749244713,-47.59,-45.35,-39.46,not_long,short,short,12.874942316566674,-55.26842024303953
ENSO/USDT,2026-01-24 03:15:00+00:00,2026-01-24,0.5655,0.1341,7.385685547445953,7.138122594438101,81.68,0.02667289110762124,6.300716856602743,0.9089633671083398,0.7409766454352442,5.0,94.44326617179215,1.1068330807138087,0.04827661325458684,0.09300660295840754,1.223701545540237,0.03060680348361941,6.931761041863591,9.125291167339574,6.090976882923192,81.55,20.37,46.05,long,not_short,long,89.34259573026094,-12.216197899017278
BULLA/USDT,2026-01-25 10:00:00+00:00,2026-01-25,0.4519,0.1298,6.991226075692495,6.646315289765084,15.09,0.01569665932478217,12.77829269638497,0.22310344827586207,0.862660944206009,4.0,75.72254335260115,1.3660717694617013,0.020714285714285716,0.1788335998197566,0.12642490978899693,0.1827743497053795,57.27519137483217,0.973997764167927,1.162557781201849,-3.49,-9.83,1061.14,not_long,not_short,skip,20.914285714285707,-16.57142857142858
NOM/USDT,2026-01-25 00:45:00+00:00,2026-01-25,0.4192,0.1488,7.080518260527118,6.702967557537285,64.13,0.023358190183204713,25.76845247730151,0.7864561695056086,0.6256019261637246,2.0,92.37600173272688,1.3331213900042675,0.04507530352840646,0.25382031136489275,0.8207174793362425,0.21315380672038042,32.765274755871495,5.515574457904856,4.309811827956989,1.13,-11.12,-33.31,not_long,not_short,skip,47.87737808424024,-13.533272410068953
4/USDT,2026-01-27 12:45:00+00:00,2026-01-27,0.4107,0.1371,7.266936911159173,6.880470993127715,11.25,0.014377962719992178,49.353182626461866,0.15815691158156892,0.936974789915966,1.0,85.89743589743591,1.5736691611820528,0.016224986479177944,0.10108687235918376,0.13312278749976036,0.10035645395166523,312.05201298463726,0.9709904266940945,0.8205689277899343,-2.87,-6.76,-32.94,not_long,not_short,skip,8.058409951325052,-12.276906435911306
PTB/USDT,2026-01-27 16:30:00+00:00,2026-01-27,1.3563,0.1008,6.840290379469756,6.972630301514961,60.26,0.022022150060076278,4.601509552035267,0.679030662710188,0.8116710875331558,1.0,77.0562770562771,0.9833480909026991,0.045553608820135885,-0.008253339439172495,0.9920667121653627,-0.04854687738685084,6.7765858078771375,9.84193166830717,5.978174603174603,-24.29,-36.11,-52.47,not_long,short,short,11.5166018546216,-26.86209991026024
AIA/USDT,2026-01-28 15:00:00+00:00,2026-01-28,0.3897,0.1633,7.306131323743951,6.896810455068398,21.73,0.018492386223715667,15.842175191462218,0.2736110256568017,0.8693666260657738,5.0,86.08393128941076,1.5355059171004206,0.024029613812286604,0.1391670082843864,0.09500726444799318,0.13075079518679997,57.900353808598055,0.5817958631230445,1.3306797305572569,-18.41,-18.74,-42.66,not_long,short,short,6.691906775494139,-19.116923984659262
BULLA/USDT,2026-02-01 08:30:00+00:00,2026-02-01,0.2191,0.1093,8.10771996609983,7.448304898891099,248.84,0.05020359765812812,0.949394717046304,4.329780146568954,0.6248787920764649,4.0,80.78842595188694,1.2168618642378892,0.07289715833895175,-0.04516386499152126,-0.6385184830813987,-0.06670839231396616,0.21927088325688604,-5.84188914072643,22.766697163769443,-96.49,-94.19,-94.49,not_long,short,short,4.876769795490299,-97.33001223562314
ZKP/USDT,2026-02-01 00:45:00+00:00,2026-02-01,0.3873,0.1342,7.322668515750898,6.9107332316391314,7.9,0.01878610306673482,41.275459143333315,0.39591029023746693,0.8117182356813691,2.0,94.21393224210124,1.4502549845903911,0.026655520228045175,0.11998280602503136,0.1704850410288071,0.11655802837007655,104.25457524374094,1.2703803355350751,0.5886736214605066,-16.9,-18.01,-24.52,not_long,short,short,36.751726784343845,-17.171910974673832
F/USDT,2026-02-02 00:15:00+00:00,2026-02-02,0.4354,0.1085,6.77662855342015,6.415470330684259,8.65,0.019954828548682746,13.94163683000117,0.3701583667239076,0.6747404844290655,2.0,78.35748792270535,1.5424153320791092,0.02262681289274364,0.3154051899422039,0.6974087993228351,0.3228989125711301,37.66397867321451,6.427730869334885,0.7972350230414748,0.9,-0.92,1.17,not_long,not_short,skip,13.631041980264257,-9.901321291185816
PARTI/USDT,2026-02-05 13:45:00+00:00,2026-02-05,0.7122,0.1407,7.294828942021295,7.147426216075712,12.11,0.016141371742501243,46.944038444136545,0.22225412778176587,0.8220472440944884,2.0,77.93380140421263,1.4437719548801093,0.024926562447243124,0.04868961622865293,0.06061215063924563,0.048237960524206334,211.2178473923845,0.430789983221362,0.8606965174129354,2.75,14.33,16.93,long,not_short,long,12.053887969747112,-14.40557787757032
ENSO/USDT,2026-02-07 00:00:00+00:00,2026-02-07,0.415,0.1222,7.5143427225876485,7.132366584559076,27.09,0.01752868166550297,9.612466093308964,0.30302053966975423,0.7736017897091721,4.0,91.60142348754447,1.5149753300973632,0.02054572616497779,-0.00269139012529937,-0.012407271009736572,-0.01641466886646037,31.722160167047,-0.10153249598802432,2.216857610474632,-14.48,-14.45,-21.61,not_long,short,short,4.743605896434433,-18.81693335013229
LA/USDT,2026-02-07 01:45:00+00:00,2026-02-07,0.4585,0.1235,7.138305477642072,6.799638869322268,29.86,0.013876552049133151,38.136676290074284,0.36585365853658536,0.8355704697986581,2.0,87.21174004192878,1.5248912086415225,0.022727272727272735,0.17053119717872692,0.13252028429508772,0.17479850256007404,104.24024852620305,1.0730387392314795,2.4178137651821863,16.37,3.75,-2.87,not_long,not_short,skip,38.0847308031774,-11.82700794351279
PTB/USDT,2026-02-07 12:00:00+00:00,2026-02-07,1.062,0.1586,6.50816354529632,6.53426909059527,27.75,0.017860487412475326,111.81378605196365,0.373022481265612,0.6938110749185671,3.0,93.31395348837209,1.5431372018303544,0.02455930958501654,0.404436802581542,0.4339899151589737,0.3366999697031693,299.75079698305433,2.7363802973453577,1.7496847414880203,16.58,13.75,-9.58,long,not_short,long,21.915167095115674,-13.753213367609252
FHE/USDT,2026-02-08 14:00:00+00:00,2026-02-08,0.4134,0.1091,7.393192328986442,7.009591020275062,6.04,0.014437184860997552,11.274752448419694,0.16777973052138254,0.889799635701276,3.0,87.43199129488566,1.5245338990130752,0.021814807888717876,0.04817030538504553,0.10156957728657165,0.044094701392341965,67.19972915311598,0.9309768770538189,0.5536205316223648,-18.44,22.87,-60.35,long,short,long,9.63649179337429,-19.242775148524828
BLESS/USDT,2026-02-11 16:45:00+00:00,2026-02-11,0.2067,0.1302,7.011222149496614,6.326638941862436,18.4,0.015322037424446827,105.17634792390265,0.28533273981749396,0.7370838117106772,2.0,76.413881748072,1.44110223748515,0.03938057635114344,0.2474503842820303,0.23531803269392754,0.25817385520845476,368.60946273174295,1.807358162011732,1.4132104454685097,3.61,7.79,-5.28,not_long,not_short,skip,32.806891600861455,-11.988513998564244
TAKE/USDT,2026-02-12 01:15:00+00:00,2026-02-12,0.4649,0.1556,6.94816004276724,6.615549958966876,76.66,0.025114227270725948,3.856500451463073,0.9497568881685575,0.9285714285714294,3.0,81.35700697526953,1.3996793710153006,0.046152615581506955,0.053741322577241436,0.6907272937132477,-0.037034548958979445,4.060513273980744,4.439121424892337,4.926735218508997,8.87,54.48,-34.43,long,not_short,long,42.35722284434489,-13.465845464725646
AIA/USDT,2026-02-13 16:00:00+00:00,2026-02-13,0.3929,0.112,7.111198137840628,6.70553376254675,27.41,0.014408869117265577,22.010751728117462,0.33541901733511137,0.9512727272727269,2.0,80.59528411287202,1.4914813659216835,0.02372333050912732,0.15221323445380078,0.22238665205744368,0.12966979110244836,65.6216570634303,1.985595107655747,2.447321428571428,-1.59,-9.59,-18.44,not_long,not_short,skip,18.7167834860972,-10.313486867442034
EDEN/USDT,2026-02-15 18:30:00+00:00,2026-02-15,0.3676,0.153,6.801331870533696,6.36674393630849,14.7,0.01617846798076825,50.45350863064165,0.22435897435897445,0.8445512820512813,3.0,87.90931989924437,1.5694251313415375,0.021112070205725822,0.04878168126007716,0.04826409370787196,0.03593233527424313,224.87849561085983,0.31545159286190827,0.9607843137254902,-14.6,-11.48,-16.14,not_long,short,short,0.981873111782483,-17.34642497482377
VIC/USDT,2026-02-15 18:30:00+00:00,2026-02-15,0.2161,0.1185,6.867128523419367,6.201782082725422,7.97,0.012355234901530924,272.8087085051233,0.3339920948616602,0.38871473354231945,2.0,92.68600252206798,1.534898680120739,0.026836054770447402,0.12544522734089308,0.1954500714004042,0.11882849164078255,816.8118728023215,1.6493676911426516,0.6725738396624472,-14.64,-13.75,-20.28,not_long,short,short,15.325474115838045,-17.61489834273022
ESP/USDT,2026-02-16 18:15:00+00:00,2026-02-16,0.2337,0.1068,7.518551708695027,6.887217813259371,19.42,0.013507786113528314,11.50278620084433,0.2481409001956948,0.7968749999999994,5.0,82.4439288476411,1.4997601568910612,0.02265660207300587,-0.07719572173326655,-0.0887340979817149,-0.07348890575437483,46.35586552548463,-0.8308436140610009,1.8183520599250937,-6.28,29.37,74.37,long,not_short,long,2.223974763406944,-11.514195583596221
BLUAI/USDT,2026-02-17 00:15:00+00:00,2026-02-17,0.4337,0.1337,6.929680854018591,6.566860855480753,27.57,0.016367629972483012,35.767591466671796,0.3402950756849973,0.9159192825112104,2.0,81.0653753026635,1.37948958880022,0.030021451260261556,0.15930169701069175,0.19257766099237286,0.16446529896164294,105.10757875256758,1.4403714359938133,2.0620792819745697,-21.01,-22.55,-25.35,not_long,short,short,10.193473866589663,-23.80883626913082
AGLD/USDT,2026-02-22 09:45:00+00:00,2026-02-22,0.376,0.245,7.45594252624877,7.031132205513878,43.52,0.02911789336197878,18.72570407550821,0.4674977738201247,0.9332365747460081,5.0,94.28879310344827,1.5462493816989074,0.026665500961706605,0.8951472527310939,2.2921359713523914,0.9070405954559287,40.055172717706135,9.355657025928128,1.776326530612245,7.13,-15.36,-31.43,not_long,not_short,skip,34.516523867809056,-20.226438188494487
BULLA/USDT,2026-02-23 19:15:00+00:00,2026-02-23,1.213,0.1052,7.1726613002015345,7.256536319201422,95.12,0.024454430098056302,3.0806909941915137,1.0486692015209125,0.8295081967213126,1.0,74.1566609491138,1.2376740539195357,0.052802042736191365,-0.048016609307461586,0.5141589242794098,-0.09719439596049023,2.9377147624088766,4.887442246001994,9.041825095057035,-54.54,-66.79,-51.72,not_long,short,short,5.023518344308564,-63.932267168391355
LA/USDT,2026-02-23 00:00:00+00:00,2026-02-23,0.4392,0.1157,7.158160256806918,6.8007734229618695,14.87,0.012423284649030766,145.55769884847433,0.1835041483650561,0.8227424749163879,2.0,91.47727272727266,1.5471381735378409,0.017044085762466913,0.1966049798140224,0.19475502072137618,0.1946445868049703,793.2120344162871,1.683275892146726,1.285220397579948,-3.2,0.67,-10.71,not_long,not_short,skip,9.190556492411472,-10.370994940978074
GRIFFAIN/USDT,2026-02-25 16:00:00+00:00,2026-02-25,0.2159,0.2052,6.986259098660259,6.320524518609066,26.67,0.021364525090620815,105.02339637193403,0.33555259653794944,0.812807881773399,1.0,89.68609865470854,1.5622768824463107,0.024399233377561568,0.2956777314919864,0.38204240142256135,0.3137460263425928,312.98639156873986,1.8618050751586812,1.2997076023391814,-2.17,-8.36,-0.83,not_long,not_short,skip,9.184726522187825,-17.440660474716207
DENT/USDT,2026-02-26 11:00:00+00:00,2026-02-26,0.2823,0.1444,7.595604715756918,7.046310950073165,79.13,0.03267500786851204,4.403087208692739,1.0926829268292684,0.7323943661971821,1.0,87.62886597938143,1.1039485020779023,0.0679611650485437,0.04631767078426402,-0.058339230242289444,0.029561084034560866,4.029611061526837,-0.4040112897665474,5.479916897506925,-27.43,-35.19,-42.72,not_long,short,short,6.796116504854366,-27.9126213592233
FIO/USDT,2026-02-28 16:15:00+00:00,2026-02-28,0.2221,0.2152,6.907885815484198,6.254457680313749,15.8,0.02050999918974705,582.5180186301616,0.3010335917312662,0.7727272727272718,1.0,92.85714285714282,1.576830086897935,0.022098214285714266,0.38700941414297546,0.3639580307251882,0.3884184143225641,1935.0598558787337,1.6912547896151866,0.7342007434944239,15.94,14.79,-15.83,long,not_short,long,103.64583333333334,-18.020833333333318
HIPPO/USDT,2026-03-01 14:45:00+00:00,2026-03-01,0.4264,0.1177,6.817763632280368,6.4475733594399705,22.38,0.012961152616213879,138.36519853840866,0.24153498871331824,0.8606965174129346,2.0,87.39416745061148,1.5540555510480905,0.01682206428897437,0.2924136105695688,0.27170584152871236,0.2920495685057942,572.8577846029443,2.308460845613529,1.901444350042481,16.26,5.17,10.51,not_long,not_short,skip,28.556214818195656,-11.82108626198083
TRU/USDT,2026-03-02 16:30:00+00:00,2026-03-02,0.2774,0.1721,6.9292025420721055,6.372303564689197,28.09,0.017096483207285962,130.22601861943855,0.37624861265260806,0.7504317789291881,5.0,95.21640091116168,1.482333754808598,0.024002606617913265,0.31131517125205704,0.3726385031227685,0.31044405794843544,346.1169403425197,2.165244062305453,1.6321905868681,-14.68,-11.24,-15.83,not_long,short,short,4.747423551275554,-14.816692008785271
