timestamp,open,high,low,close,volume
2026-02-19 23:15:00,600.0,629.99,600.0,629.99,2.611
2026-02-19 23:30:00,615.37,615.37,615.37,615.37,2.59
2026-02-19 23:45:00,616.3,616.3,616.3,616.3,1.427
2026-02-20 00:00:00,613.27,615.35,613.27,614.45,3.453
2026-02-20 00:15:00,614.35,615.03,610.77,614.11,326.639
2026-02-20 00:30:00,612.7,612.7,610.34,610.34,2.607
2026-02-20 00:45:00,612.25,612.25,612.25,612.25,0.017
2026-02-20 01:00:00,613.0,616.38,613.0,614.53,29.052
2026-02-20 01:15:00,615.52,615.96,614.52,614.52,2.012
2026-02-20 01:30:00,614.14,637.92,614.14,630.52,20.353
2026-02-20 01:45:00,629.22,647.37,629.22,640.08,80.076
2026-02-20 02:00:00,640.12,641.38,634.14,638.05,65.968
2026-02-20 02:15:00,637.48,639.54,637.0,639.54,106.487
2026-02-20 02:30:00,639.25,639.25,637.0,637.0,1.052
2026-02-20 02:45:00,637.0,637.34,635.54,635.54,52.994
2026-02-20 03:00:00,636.78,636.78,636.78,636.78,0.671
2026-02-20 03:15:00,640.41,640.41,640.41,640.41,0.02
2026-02-20 03:30:00,638.02,638.9,638.02,638.9,0.036
2026-02-20 03:45:00,641.58,642.37,641.04,641.78,4.404
2026-02-20 04:00:00,641.78,649.95,640.17,649.41,294.342
2026-02-20 04:15:00,650.63,656.35,649.94,652.0,227.296
2026-02-20 04:30:00,652.03,662.8,652.0,662.8,98.302
2026-02-20 04:45:00,666.29,666.29,657.16,657.16,23.748
2026-02-20 05:00:00,655.9,659.65,654.41,656.0,42.339
2026-02-20 05:15:00,654.66,660.8,651.57,660.79,235.444
2026-02-20 05:30:00,660.79,661.75,653.33,654.79,48.402
2026-02-20 05:45:00,654.79,656.88,654.79,656.87,3.907
2026-02-20 06:00:00,656.82,659.24,656.12,656.24,22.614
2026-02-20 06:15:00,656.24,656.24,654.37,654.89,6.601
2026-02-20 06:30:00,654.89,659.48,653.4,658.33,9.887
2026-02-20 06:45:00,658.33,658.33,653.4,658.33,1.306
2026-02-20 07:00:00,658.33,658.42,651.9,651.9,56.718
2026-02-20 07:15:00,658.42,658.42,651.9,658.39,1.984
2026-02-20 07:30:00,658.39,658.41,654.3,658.41,2.278
2026-02-20 07:45:00,658.41,658.41,656.0,658.41,1.299
2026-02-20 08:00:00,658.41,658.41,656.0,658.41,1.936
2026-02-20 08:15:00,658.41,658.41,652.89,654.3,8.117
2026-02-20 08:30:00,654.29,654.29,652.89,653.59,3.601
2026-02-20 08:45:00,653.59,653.59,653.24,653.24,2.943
2026-02-20 09:00:00,653.24,653.24,652.65,653.24,15.399
2026-02-20 09:15:00,653.24,655.8,652.65,655.8,4.234
2026-02-20 09:30:00,655.8,655.96,655.8,655.96,1.303
2026-02-20 09:45:00,655.95,655.96,653.02,655.18,1.479
2026-02-20 10:00:00,655.36,655.96,655.0,655.96,1.294
2026-02-20 10:15:00,655.96,655.96,655.08,655.92,1.277
2026-02-20 10:30:00,655.79,656.24,655.35,656.01,1.295
2026-02-20 10:45:00,653.05,656.25,653.04,656.24,2.386
2026-02-20 11:00:00,656.21,656.24,655.21,655.21,1.365
2026-02-20 11:15:00,655.21,655.63,653.11,655.63,11.215
2026-02-20 11:30:00,655.63,655.63,655.38,655.38,1.294
2026-02-20 11:45:00,655.38,655.38,653.11,655.38,1.351
2026-02-20 12:00:00,653.11,655.38,643.49,653.68,120.141
2026-02-20 12:15:00,653.68,653.68,653.67,653.67,1.432
2026-02-20 12:30:00,653.67,653.67,653.67,653.67,1.282
2026-02-20 12:45:00,653.67,653.67,653.01,653.67,1.4
2026-02-20 13:00:00,653.67,653.68,653.67,653.68,1.278
2026-02-20 13:15:00,653.68,653.68,653.68,653.68,1.27
2026-02-20 13:30:00,653.68,653.7,653.68,653.7,1.978
2026-02-20 13:45:00,653.7,653.76,649.81,653.76,11.305
2026-02-20 14:00:00,653.76,653.76,649.81,653.76,2.101
2026-02-20 14:15:00,653.76,656.38,647.64,656.38,16.748
2026-02-20 14:30:00,658.32,683.19,653.82,654.84,46.772
2026-02-20 14:45:00,673.92,673.92,653.82,654.84,1.49
2026-02-20 15:00:00,654.84,668.9,653.19,664.53,27.269
2026-02-20 15:15:00,662.49,668.79,654.36,663.0,31.984
2026-02-20 15:30:00,663.0,663.0,659.0,663.0,7.537
2026-02-20 15:45:00,663.0,666.68,656.88,663.04,13.188
2026-02-20 16:00:00,665.68,665.96,655.89,661.26,15.664
2026-02-20 16:15:00,661.26,661.26,655.15,661.26,12.373
2026-02-20 16:30:00,661.26,661.26,661.26,661.26,3.812
2026-02-20 16:45:00,661.26,661.26,661.25,661.25,3.6
2026-02-20 17:00:00,661.25,661.26,656.98,658.93,19.178
2026-02-20 17:15:00,658.93,660.18,655.01,660.0,27.57
2026-02-20 17:30:00,660.0,660.49,660.0,660.3,11.062
2026-02-20 17:45:00,660.3,660.3,660.3,660.3,1.317
2026-02-20 18:00:00,660.3,660.3,656.24,660.29,1.335
2026-02-20 18:15:00,660.29,660.29,660.28,660.28,1.297
2026-02-20 18:30:00,660.28,660.28,659.28,660.28,9.701
2026-02-20 18:45:00,660.28,661.0,660.28,661.0,1.273
2026-02-20 19:00:00,661.0,663.0,661.0,662.99,32.224
2026-02-20 19:15:00,659.28,659.28,659.28,659.28,0.027
2026-02-20 19:30:00,663.0,663.06,659.28,663.06,6.082
2026-02-20 19:45:00,659.28,659.28,659.06,659.06,5.49
2026-02-20 20:00:00,659.06,659.06,659.06,659.06,0.0
2026-02-20 20:15:00,659.1,659.1,659.1,659.1,0.03
2026-02-20 20:30:00,660.14,663.83,659.13,659.13,9.112
2026-02-20 20:45:00,659.13,659.13,659.13,659.13,0.0
2026-02-20 21:00:00,659.13,659.13,659.13,659.13,0.0
2026-02-20 21:15:00,659.13,659.13,659.13,659.13,0.0
2026-02-20 21:30:00,665.0,665.0,664.97,664.98,7.404
2026-02-20 21:45:00,659.4,664.92,659.4,664.8,5.016
2026-02-20 22:00:00,664.79,664.79,661.31,661.31,3.484
2026-02-20 22:15:00,664.76,664.77,661.32,661.32,1.323
2026-02-20 22:30:00,664.75,664.75,661.32,664.75,0.126
2026-02-20 22:45:00,664.75,666.0,662.66,663.0,269.739
2026-02-20 23:00:00,663.0,663.99,662.09,663.99,13.889
2026-02-20 23:15:00,663.99,663.99,663.99,663.99,0.0
2026-02-20 23:30:00,663.99,663.99,663.99,663.99,0.0
2026-02-20 23:45:00,663.99,663.99,663.99,663.99,0.0
2026-02-21 00:00:00,662.13,662.13,660.0,660.0,60.331
2026-02-21 00:15:00,663.0,663.99,663.0,663.99,1.233
2026-02-21 00:30:00,663.99,664.0,663.99,664.0,26.523
2026-02-21 00:45:00,664.0,664.0,664.0,664.0,0.321
2026-02-21 01:00:00,664.0,664.0,664.0,664.0,0.0
2026-02-21 01:15:00,664.75,664.75,663.42,663.42,10.76
2026-02-21 01:30:00,665.29,666.37,663.42,666.37,8.048
2026-02-21 01:45:00,666.37,670.0,663.45,663.45,41.514
2026-02-21 02:00:00,668.99,668.99,668.97,668.97,2.641
2026-02-21 02:15:00,668.99,671.77,668.99,671.77,14.169
2026-02-21 02:30:00,669.0,671.75,669.0,671.75,1.358
2026-02-21 02:45:00,669.0,671.76,667.95,671.76,11.118
2026-02-21 03:00:00,674.46,674.46,674.46,674.46,3.661
2026-02-21 03:15:00,668.0,668.0,668.0,668.0,0.016
2026-02-21 03:30:00,673.08,673.08,667.89,673.08,18.608
2026-02-21 03:45:00,673.08,673.08,673.08,673.08,0.349
2026-02-21 04:00:00,673.08,673.08,673.08,673.08,0.0
2026-02-21 04:15:00,673.08,673.08,673.08,673.08,0.0
2026-02-21 04:30:00,673.08,673.08,673.08,673.08,0.0
2026-02-21 04:45:00,673.08,673.08,673.08,673.08,0.0
2026-02-21 05:00:00,673.08,673.08,673.08,673.08,0.0
2026-02-21 05:15:00,673.08,673.08,673.08,673.08,0.0
2026-02-21 05:30:00,673.08,673.08,673.08,673.08,0.0
2026-02-21 05:45:00,673.08,673.08,673.08,673.08,0.0
2026-02-21 06:00:00,673.08,673.08,673.08,673.08,0.0
2026-02-21 06:15:00,673.08,673.08,673.08,673.08,0.0
2026-02-21 06:30:00,670.0,670.0,670.0,670.0,1.492
2026-02-21 06:45:00,670.0,670.0,670.0,670.0,0.0
2026-02-21 07:00:00,671.15,671.34,671.15,671.34,1.654
2026-02-21 07:15:00,668.11,668.11,668.1,668.1,14.328
2026-02-21 07:30:00,668.1,668.1,668.1,668.1,0.0
2026-02-21 07:45:00,671.86,671.86,671.86,671.86,2.067
2026-02-21 08:00:00,671.86,671.86,671.86,671.86,0.0
2026-02-21 08:15:00,671.86,671.86,671.86,671.86,0.0
2026-02-21 08:30:00,671.99,671.99,671.99,671.99,1.647
2026-02-21 08:45:00,671.99,671.99,671.99,671.99,0.0
2026-02-21 09:00:00,668.28,673.0,668.28,671.4,29.252
2026-02-21 09:15:00,670.82,670.82,670.74,670.74,2.95
2026-02-21 09:30:00,670.07,670.07,670.07,670.07,4.989
2026-02-21 09:45:00,670.07,670.07,670.07,670.07,0.0
2026-02-21 10:00:00,671.54,671.54,671.3,671.3,2.88
2026-02-21 10:15:00,671.08,671.08,671.04,671.04,7.0
2026-02-21 10:30:00,671.55,671.7,670.95,670.95,45.037
2026-02-21 10:45:00,670.95,670.95,670.95,670.95,0.0
2026-02-21 11:00:00,670.99,670.99,670.98,670.98,4.704
2026-02-21 11:15:00,670.95,670.95,670.73,670.73,7.206
2026-02-21 11:30:00,670.73,670.73,670.73,670.73,0.0
2026-02-21 11:45:00,670.73,670.73,670.73,670.73,0.301
2026-02-21 12:00:00,671.74,671.74,671.74,671.74,0.3
2026-02-21 12:15:00,671.74,671.74,671.74,671.74,0.0
2026-02-21 12:30:00,671.74,671.74,671.74,671.74,0.0
2026-02-21 12:45:00,671.74,671.74,671.74,671.74,0.0
2026-02-21 13:00:00,671.74,671.74,671.74,671.74,0.0
2026-02-21 13:15:00,671.74,671.74,671.74,671.74,0.0
2026-02-21 13:30:00,671.74,671.74,671.74,671.74,0.0
2026-02-21 13:45:00,671.29,672.23,671.29,672.23,2.143
2026-02-21 14:00:00,672.24,672.7,672.24,672.7,6.758
2026-02-21 14:15:00,671.85,673.08,671.82,671.82,9.67
2026-02-21 14:30:00,671.82,673.08,671.82,671.82,1.137
2026-02-21 14:45:00,671.82,671.82,671.82,671.82,0.0
2026-02-21 15:00:00,671.82,671.82,671.82,671.82,0.0
2026-02-21 15:15:00,671.82,671.82,671.82,671.82,0.0
2026-02-21 15:30:00,673.08,673.08,671.82,671.82,1.002
2026-02-21 15:45:00,673.08,673.08,671.82,671.82,0.588
2026-02-21 16:00:00,671.82,671.82,671.82,671.82,0.0
2026-02-21 16:15:00,672.15,672.15,672.15,672.15,8.196
2026-02-21 16:30:00,672.15,672.15,672.15,672.15,0.0
2026-02-21 16:45:00,672.15,672.15,672.15,672.15,0.0
2026-02-21 17:00:00,672.46,673.08,671.97,671.97,2.962
2026-02-21 17:15:00,673.08,673.08,672.0,672.54,0.497
2026-02-21 17:30:00,672.54,672.54,672.54,672.54,0.0
2026-02-21 17:45:00,672.54,672.54,672.54,672.54,0.0
2026-02-21 18:00:00,673.08,673.08,672.35,672.44,0.502
2026-02-21 18:15:00,672.44,672.44,672.44,672.44,0.0
2026-02-21 18:30:00,672.44,672.44,672.44,672.44,0.0
2026-02-21 18:45:00,672.44,672.44,672.44,672.44,0.0
2026-02-21 19:00:00,672.44,672.44,672.44,672.44,0.0
2026-02-21 19:15:00,673.08,673.08,672.76,672.76,10.137
2026-02-21 19:30:00,672.76,672.76,672.76,672.76,0.438
2026-02-21 19:45:00,672.76,672.76,672.76,672.76,0.0
2026-02-21 20:00:00,672.76,672.76,672.76,672.76,0.0
2026-02-21 20:15:00,673.08,673.08,672.76,672.76,0.094
2026-02-21 20:30:00,672.76,672.76,672.76,672.76,0.0
2026-02-21 20:45:00,673.08,673.08,672.76,672.76,0.099
2026-02-21 21:00:00,672.76,672.76,672.76,672.76,0.0
2026-02-21 21:15:00,672.76,672.76,672.76,672.76,0.0
2026-02-21 21:30:00,672.76,672.76,672.76,672.76,0.0
2026-02-21 21:45:00,672.76,672.76,672.76,672.76,0.0
2026-02-21 22:00:00,672.76,672.76,672.76,672.76,0.0
2026-02-21 22:15:00,672.76,672.76,672.76,672.76,0.0
2026-02-21 22:30:00,673.08,673.08,672.76,672.76,0.764
2026-02-21 22:45:00,672.76,672.76,672.76,672.76,0.0
2026-02-21 23:00:00,672.76,672.76,672.76,672.76,0.0
2026-02-21 23:15:00,672.76,672.76,672.76,672.76,0.0
2026-02-21 23:30:00,673.08,673.08,672.76,672.76,11.905
2026-02-21 23:45:00,672.76,672.76,672.76,672.76,0.644
2026-02-22 00:00:00,673.08,673.08,672.08,672.08,0.798
2026-02-22 00:15:00,672.08,672.08,672.08,672.08,0.0
2026-02-22 00:30:00,672.08,672.08,672.08,672.08,0.0
2026-02-22 00:45:00,672.08,672.08,672.08,672.08,0.0
2026-02-22 01:00:00,672.08,672.08,672.08,672.08,0.0
2026-02-22 01:15:00,672.1,672.1,671.76,671.76,17.849
2026-02-22 01:30:00,671.76,671.76,671.76,671.76,0.0
2026-02-22 01:45:00,671.76,671.76,671.76,671.76,0.0
2026-02-22 02:00:00,673.08,673.08,671.76,671.76,0.311
2026-02-22 02:15:00,671.76,671.76,671.76,671.76,0.0
2026-02-22 02:30:00,671.76,671.76,671.76,671.76,0.0
2026-02-22 02:45:00,671.76,671.76,671.76,671.76,0.0
2026-02-22 03:00:00,671.76,671.76,671.76,671.76,0.0
2026-02-22 03:15:00,671.76,671.76,671.76,671.76,0.0
2026-02-22 03:30:00,671.76,671.76,671.76,671.76,0.0
2026-02-22 03:45:00,672.42,673.08,671.46,671.46,135.487
2026-02-22 04:00:00,671.25,671.25,671.24,671.24,3.583
2026-02-22 04:15:00,671.24,671.24,671.24,671.24,0.666
2026-02-22 04:30:00,672.69,672.69,672.69,672.69,40.978
2026-02-22 04:45:00,672.69,672.69,672.69,672.69,0.0
2026-02-22 05:00:00,672.76,672.76,672.76,672.76,1.487
2026-02-22 05:15:00,673.08,673.09,671.24,671.24,0.241
2026-02-22 05:30:00,671.24,671.24,671.24,671.24,0.254
2026-02-22 05:45:00,671.24,671.24,671.24,671.24,0.0
2026-02-22 06:00:00,671.24,671.24,671.24,671.24,0.0
2026-02-22 06:15:00,672.69,672.69,672.69,672.69,0.116
2026-02-22 06:30:00,671.24,671.24,671.24,671.24,4.171
2026-02-22 06:45:00,671.24,671.24,671.24,671.24,0.0
2026-02-22 07:00:00,671.24,672.69,671.24,672.69,5.329
2026-02-22 07:15:00,672.69,672.69,672.69,672.69,0.0
2026-02-22 07:30:00,672.69,672.69,672.69,672.69,3.825
2026-02-22 07:45:00,673.09,673.09,673.09,673.09,0.929
2026-02-22 08:00:00,673.09,673.09,673.09,673.09,0.0
2026-02-22 08:15:00,673.09,673.09,673.09,673.09,5.305
2026-02-22 08:30:00,673.23,673.23,673.23,673.23,0.148
2026-02-22 08:45:00,673.23,673.23,673.23,673.23,0.0
2026-02-22 09:00:00,673.23,673.4,673.23,673.4,25.244
2026-02-22 09:15:00,673.4,673.4,673.4,673.4,0.0
2026-02-22 09:30:00,673.4,677.99,673.4,677.98,39.867
2026-02-22 09:45:00,677.98,678.79,677.98,678.79,27.656
2026-02-22 10:00:00,673.0,678.79,673.0,678.79,0.086
2026-02-22 10:15:00,678.79,678.79,678.79,678.79,0.0
2026-02-22 10:30:00,678.79,678.88,678.79,678.88,7.92
2026-02-22 10:45:00,678.88,678.91,674.0,677.0,8.388
2026-02-22 11:00:00,673.2,683.7,673.2,681.69,5.623
2026-02-22 11:15:00,676.27,682.0,674.9,677.0,26.124
2026-02-22 11:30:00,679.06,681.95,676.1,677.83,18.303
2026-02-22 11:45:00,677.58,684.84,676.8,684.84,22.662
2026-02-22 12:00:00,682.7,684.7,678.69,681.3,37.75
2026-02-22 12:15:00,678.91,681.14,677.76,678.34,11.887
2026-02-22 12:30:00,680.99,681.15,678.89,679.0,17.122
2026-02-22 12:45:00,678.89,680.02,677.98,680.02,37.479
2026-02-22 13:00:00,680.02,683.19,680.02,683.0,30.347
2026-02-22 13:15:00,683.0,683.0,683.0,683.0,0.0
2026-02-22 13:30:00,683.0,683.0,680.0,680.0,1.172
2026-02-22 13:45:00,680.0,683.14,680.0,681.16,25.486
2026-02-22 14:00:00,681.16,684.71,681.16,684.71,11.563
2026-02-22 14:15:00,684.71,684.71,684.71,684.71,0.0
2026-02-22 14:30:00,684.71,684.71,684.71,684.71,0.0
2026-02-22 14:45:00,684.99,684.99,684.99,684.99,0.841
2026-02-22 15:00:00,685.0,689.69,685.0,689.69,44.092
2026-02-22 15:15:00,689.6,689.81,689.6,689.81,9.57
2026-02-22 15:30:00,689.6,691.71,681.16,681.16,66.794
2026-02-22 15:45:00,690.6,690.6,685.79,685.79,2.284
2026-02-22 16:00:00,687.99,687.99,687.99,687.99,7.0
2026-02-22 16:15:00,688.0,688.0,688.0,688.0,1.437
2026-02-22 16:30:00,688.0,688.0,688.0,688.0,0.609
2026-02-22 16:45:00,688.0,688.0,685.0,685.0,65.358
2026-02-22 17:00:00,686.0,688.2,682.84,683.29,38.59
2026-02-22 17:15:00,689.93,691.76,689.93,691.5,11.043
2026-02-22 17:30:00,691.06,691.06,691.06,691.06,0.034
2026-02-22 17:45:00,688.2,688.65,686.61,688.65,2.211
2026-02-22 18:00:00,688.65,689.05,688.65,689.05,0.48
2026-02-22 18:15:00,689.05,689.05,689.05,689.05,1.138
2026-02-22 18:30:00,686.73,689.05,686.73,689.05,0.191
2026-02-22 18:45:00,689.05,689.05,689.05,689.05,0.0
2026-02-22 19:00:00,689.05,690.31,689.05,690.31,7.262
2026-02-22 19:15:00,688.72,688.72,688.0,688.0,1.792
2026-02-22 19:30:00,689.16,689.16,689.16,689.16,1.249
2026-02-22 19:45:00,689.16,689.16,689.16,689.16,0.0
2026-02-22 20:00:00,689.16,689.16,689.16,689.16,0.0
2026-02-22 20:15:00,688.13,688.13,688.02,688.02,14.744
2026-02-22 20:30:00,687.89,691.09,687.0,691.09,32.183
2026-02-22 20:45:00,687.0,687.0,687.0,687.0,11.174
2026-02-22 21:00:00,687.0,687.0,687.0,687.0,0.0
2026-02-22 21:15:00,687.0,687.0,687.0,687.0,0.0
2026-02-22 21:30:00,690.44,690.44,690.44,690.44,0.128
2026-02-22 21:45:00,687.5,690.44,686.54,686.54,54.609
2026-02-22 22:00:00,686.54,686.54,686.54,686.54,0.0
2026-02-22 22:15:00,688.0,688.0,686.18,686.18,1.057
2026-02-22 22:30:00,686.18,686.18,686.18,686.18,0.128
2026-02-22 22:45:00,688.0,691.82,688.0,691.82,20.36
2026-02-22 23:00:00,686.29,686.29,650.27,673.62,713.404
2026-02-22 23:15:00,673.61,673.61,672.98,672.98,8.813
2026-02-22 23:30:00,672.97,674.31,670.12,670.12,13.138
2026-02-22 23:45:00,670.12,673.53,667.84,673.53,93.788
2026-02-23 00:00:00,676.89,680.27,665.31,668.85,251.331
2026-02-23 00:15:00,670.92,674.37,669.1,670.01,173.343
2026-02-23 00:30:00,670.12,681.08,670.12,675.65,90.906
2026-02-23 00:45:00,675.64,681.07,675.64,678.56,142.013
2026-02-23 01:00:00,676.47,676.73,676.41,676.41,59.886
2026-02-23 01:15:00,677.06,677.06,671.28,671.28,27.724
2026-02-23 01:30:00,673.0,675.86,671.34,675.86,31.254
2026-02-23 01:45:00,675.86,675.86,669.26,669.26,33.383
2026-02-23 02:00:00,669.26,669.26,664.65,664.68,189.299
2026-02-23 02:15:00,664.18,665.08,662.0,664.0,19.581
2026-02-23 02:30:00,665.08,665.08,664.0,664.94,15.03
2026-02-23 02:45:00,664.95,667.61,664.82,664.82,15.561
2026-02-23 03:00:00,666.34,666.34,665.51,665.51,0.678
2026-02-23 03:15:00,664.67,664.67,664.0,664.0,28.499
2026-02-23 03:30:00,662.0,662.58,661.1,662.58,21.802
2026-02-23 03:45:00,661.71,662.17,661.0,662.17,8.747
2026-02-23 04:00:00,661.0,663.61,658.05,659.92,251.357
2026-02-23 04:15:00,662.75,662.75,659.08,661.1,92.469
2026-02-23 04:30:00,662.51,662.51,658.86,659.82,14.632
2026-02-23 04:45:00,660.76,660.76,658.53,658.53,5.1
2026-02-23 05:00:00,659.53,660.77,659.53,660.65,56.893
2026-02-23 05:15:00,660.65,660.65,658.0,658.53,30.947
2026-02-23 05:30:00,658.53,658.53,658.0,658.0,20.945
2026-02-23 05:45:00,658.0,662.76,658.0,662.76,14.489
2026-02-23 06:00:00,662.76,662.76,658.55,660.38,54.16
2026-02-23 06:15:00,658.44,658.45,658.0,658.0,0.332
2026-02-23 06:30:00,660.0,662.0,660.0,662.0,0.998
2026-02-23 06:45:00,662.0,663.57,660.0,660.0,13.015
2026-02-23 07:00:00,660.01,660.01,660.01,660.01,100.103
2026-02-23 07:15:00,660.0,660.01,660.0,660.01,0.299
2026-02-23 07:30:00,660.0,660.93,658.0,660.93,38.673
2026-02-23 07:45:00,661.67,663.65,661.67,663.65,12.551
2026-02-23 08:00:00,663.65,663.76,663.65,663.76,0.838
2026-02-23 08:15:00,663.79,664.31,661.87,664.29,17.046
2026-02-23 08:30:00,664.29,664.3,664.29,664.3,0.62
2026-02-23 08:45:00,664.3,664.3,664.3,664.3,0.903
2026-02-23 09:00:00,664.3,664.3,664.3,664.3,0.0
2026-02-23 09:15:00,664.3,664.3,664.3,664.3,0.0
2026-02-23 09:30:00,664.3,664.3,664.3,664.3,0.972
2026-02-23 09:45:00,664.3,664.3,664.3,664.3,0.001
2026-02-23 10:00:00,664.3,664.3,663.0,663.0,0.584
2026-02-23 10:15:00,663.0,663.0,663.0,663.0,0.0
2026-02-23 10:30:00,664.3,666.13,664.3,666.13,21.463
2026-02-23 10:45:00,661.91,661.91,661.91,661.91,0.053
2026-02-23 11:00:00,667.66,667.66,661.91,664.07,0.718
2026-02-23 11:15:00,664.07,667.66,664.07,664.07,28.717
2026-02-23 11:30:00,667.66,667.66,667.66,667.66,0.016
2026-02-23 11:45:00,667.66,667.67,664.08,664.08,9.867
2026-02-23 12:00:00,667.64,667.64,667.64,667.64,1.504
2026-02-23 12:15:00,667.64,667.64,667.64,667.64,0.0
2026-02-23 12:30:00,667.64,667.64,667.64,667.64,0.0
2026-02-23 12:45:00,664.17,664.17,664.17,664.17,0.016
2026-02-23 13:00:00,667.64,667.67,667.64,667.67,9.997
2026-02-23 13:15:00,667.67,667.67,667.67,667.67,0.0
2026-02-23 13:30:00,667.65,668.58,665.81,668.58,3.124
2026-02-23 13:45:00,668.58,668.62,665.67,665.67,6.685
2026-02-23 14:00:00,665.67,665.67,665.67,665.67,0.0
2026-02-23 14:15:00,665.67,665.67,665.67,665.67,0.0
2026-02-23 14:30:00,671.02,671.02,661.87,661.87,37.59
2026-02-23 14:45:00,671.02,671.02,666.5,666.5,24.584
2026-02-23 15:00:00,666.5,666.5,666.5,666.5,0.0
2026-02-23 15:15:00,666.87,670.93,666.87,667.57,0.972
2026-02-23 15:30:00,668.01,668.01,664.32,664.32,58.403
2026-02-23 15:45:00,664.32,664.32,662.97,664.0,24.03
2026-02-23 16:00:00,664.0,668.94,662.21,662.21,84.107
2026-02-23 16:15:00,662.21,662.21,662.11,662.11,3.493
2026-02-23 16:30:00,661.89,661.89,661.88,661.88,1.329
2026-02-23 16:45:00,664.98,665.43,664.98,665.43,9.293
2026-02-23 17:00:00,663.6,663.6,661.6,661.6,10.489
2026-02-23 17:15:00,661.6,661.6,661.6,661.6,0.0
2026-02-23 17:30:00,661.6,661.6,661.6,661.6,0.0
2026-02-23 17:45:00,661.6,661.6,661.6,661.6,0.0
2026-02-23 18:00:00,661.32,661.32,661.31,661.31,1.513
2026-02-23 18:15:00,664.63,664.64,664.63,664.64,0.136
2026-02-23 18:30:00,663.0,664.83,662.99,664.83,5.231
2026-02-23 18:45:00,664.83,664.88,662.71,662.71,4.256
2026-02-23 19:00:00,664.87,667.45,664.86,667.45,7.562
2026-02-23 19:15:00,662.62,662.62,662.59,662.6,26.182
2026-02-23 19:30:00,662.6,662.6,662.6,662.6,0.0
2026-02-23 19:45:00,666.95,666.96,666.95,666.96,0.77
2026-02-23 20:00:00,666.96,666.96,666.96,666.96,0.0
2026-02-23 20:15:00,666.96,666.96,666.96,666.96,0.0
2026-02-23 20:30:00,666.96,666.96,666.96,666.96,0.0
2026-02-23 20:45:00,663.04,663.04,663.03,663.03,0.605
2026-02-23 21:00:00,663.03,663.03,663.03,663.03,0.0
2026-02-23 21:15:00,666.96,666.97,666.96,666.97,0.753
2026-02-23 21:30:00,664.51,664.51,663.0,663.0,12.819
2026-02-23 21:45:00,663.99,665.0,663.99,665.0,14.329
2026-02-23 22:00:00,665.0,665.0,665.0,665.0,0.0
2026-02-23 22:15:00,665.0,665.0,665.0,665.0,0.0
2026-02-23 22:30:00,665.0,665.0,665.0,665.0,0.0
2026-02-23 22:45:00,665.0,665.0,665.0,665.0,0.0
2026-02-23 23:00:00,664.03,664.03,664.03,664.03,0.166
2026-02-23 23:15:00,663.01,663.01,658.0,659.02,18.962
2026-02-23 23:30:00,658.01,658.09,658.0,658.09,20.173
2026-02-23 23:45:00,660.82,660.83,657.0,657.0,133.766
2026-02-24 00:00:00,662.16,663.72,660.59,662.0,184.806
2026-02-24 00:15:00,662.89,662.9,659.69,659.69,2.279
2026-02-24 00:30:00,657.51,661.55,657.5,661.55,4.355
2026-02-24 00:45:00,662.41,663.45,660.77,660.77,71.055
2026-02-24 01:00:00,663.18,675.62,663.18,675.62,15.382
2026-02-24 01:15:00,676.07,689.35,676.07,689.35,42.16
2026-02-24 01:30:00,688.02,694.28,684.04,694.28,178.969
2026-02-24 01:45:00,689.94,693.6,689.91,690.95,14.02
2026-02-24 02:00:00,690.62,694.94,690.54,692.9,26.494
2026-02-24 02:15:00,693.58,695.51,689.98,693.49,11.668
2026-02-24 02:30:00,693.49,693.49,689.16,689.16,34.944
2026-02-24 02:45:00,688.59,692.76,688.16,692.76,7.602
2026-02-24 03:00:00,692.76,692.76,690.53,691.94,13.647
2026-02-24 03:15:00,691.94,692.76,691.55,692.76,40.645
2026-02-24 03:30:00,692.76,695.51,692.76,695.51,20.995
2026-02-24 03:45:00,695.51,697.04,691.56,694.35,114.919
2026-02-24 04:00:00,694.42,695.9,693.45,693.45,1.619
2026-02-24 04:15:00,693.45,694.74,693.45,694.73,11.992
2026-02-24 04:30:00,694.73,695.72,691.72,695.59,69.723
2026-02-24 04:45:00,695.59,695.93,692.31,695.93,83.962
2026-02-24 05:00:00,695.93,695.93,691.78,694.19,9.979
2026-02-24 05:15:00,694.19,694.19,690.7,693.89,7.06
2026-02-24 05:30:00,693.89,694.92,690.25,694.92,8.572
2026-02-24 05:45:00,694.92,696.0,694.76,696.0,1.026
2026-02-24 06:00:00,696.0,696.48,693.09,693.1,142.119
2026-02-24 06:15:00,696.0,696.48,692.63,695.0,206.208
2026-02-24 06:30:00,696.48,696.96,693.77,694.01,24.214
2026-02-24 06:45:00,696.96,697.06,694.01,697.06,39.131
2026-02-24 07:00:00,695.44,697.95,695.44,697.94,4.925
2026-02-24 07:15:00,697.94,737.72,696.41,697.99,187.725
2026-02-24 07:30:00,703.09,703.99,698.0,702.98,5.37
2026-02-24 07:45:00,702.98,702.98,699.46,702.98,16.89
2026-02-24 08:00:00,702.98,703.44,702.89,702.89,20.56
2026-02-24 08:15:00,702.3,702.3,701.83,702.29,9.53
2026-02-24 08:30:00,702.29,704.59,702.29,704.59,21.839
2026-02-24 08:45:00,704.59,706.59,701.29,706.59,28.352
2026-02-24 09:00:00,706.59,706.59,698.12,705.99,10.596
2026-02-24 09:15:00,705.99,705.99,705.77,705.77,1.029
2026-02-24 09:30:00,705.77,705.77,697.19,701.99,105.212
2026-02-24 09:45:00,701.99,703.41,697.19,703.4,40.699
2026-02-24 10:00:00,703.4,703.4,703.4,703.4,0.648
2026-02-24 10:15:00,703.39,703.45,703.39,703.45,15.078
2026-02-24 10:30:00,703.45,703.56,700.0,701.78,4.491
2026-02-24 10:45:00,701.78,705.78,700.02,703.0,41.772
2026-02-24 11:00:00,703.0,705.36,703.0,705.36,3.602
2026-02-24 11:15:00,705.36,705.36,705.36,705.36,1.575
2026-02-24 11:30:00,705.36,705.9,700.5,700.54,48.161
2026-02-24 11:45:00,700.5,705.29,700.5,700.54,3.914
2026-02-24 12:00:00,705.9,705.9,698.85,699.19,34.169
2026-02-24 12:15:00,699.2,699.2,698.84,699.2,30.839
2026-02-24 12:30:00,699.2,699.2,698.64,699.2,15.15
2026-02-24 12:45:00,699.2,699.2,699.2,699.2,8.872
2026-02-24 13:00:00,699.2,705.89,698.87,699.0,35.823
2026-02-24 13:15:00,703.99,703.99,703.99,703.99,0.449
2026-02-24 13:30:00,703.99,705.04,699.0,705.04,3.287
2026-02-24 13:45:00,705.04,705.9,700.01,700.6,114.119
2026-02-24 14:00:00,705.7,705.9,700.03,701.9,35.298
2026-02-24 14:15:00,705.85,705.85,700.01,702.5,15.607
2026-02-24 14:30:00,702.5,702.5,700.5,702.5,4.639
2026-02-24 14:45:00,702.5,702.5,700.01,702.25,9.085
2026-02-24 15:00:00,702.25,702.25,700.01,701.93,4.588
2026-02-24 15:15:00,701.94,702.0,700.01,701.55,0.498
2026-02-24 15:30:00,701.55,701.55,700.02,701.55,12.801
2026-02-24 15:45:00,701.55,702.15,700.0,702.15,29.078
2026-02-24 16:00:00,702.15,702.3,700.01,702.3,9.663
2026-02-24 16:15:00,702.3,703.8,702.3,703.8,3.009
2026-02-24 16:30:00,703.8,705.89,701.0,705.89,28.106
2026-02-24 16:45:00,705.89,705.89,705.89,705.89,4.522
2026-02-24 17:00:00,705.89,705.89,703.0,703.7,20.095
2026-02-24 17:15:00,705.5,705.5,705.5,705.5,0.899
2026-02-24 17:30:00,705.5,705.5,705.5,705.5,0.897
2026-02-24 17:45:00,705.5,705.9,703.71,704.0,6.545
2026-02-24 18:00:00,705.9,705.9,702.8,705.8,18.535
2026-02-24 18:15:00,705.8,705.9,704.0,705.9,5.287
2026-02-24 18:30:00,705.9,706.73,705.9,706.73,2.887
2026-02-24 18:45:00,706.73,706.73,704.5,704.65,15.818
2026-02-24 19:00:00,704.65,708.99,704.65,708.99,45.124
2026-02-24 19:15:00,708.99,708.99,705.49,708.97,1.063
2026-02-24 19:30:00,708.97,708.97,705.57,708.97,1.303
2026-02-24 19:45:00,708.97,708.99,702.14,708.99,23.542
2026-02-24 20:00:00,708.99,708.99,708.9,708.9,0.896
2026-02-24 20:15:00,708.9,709.0,708.9,709.0,9.857
2026-02-24 20:30:00,709.0,709.0,709.0,709.0,0.896
2026-02-24 20:45:00,709.0,709.0,705.67,708.9,11.409
2026-02-24 21:00:00,708.9,708.9,708.87,708.87,0.882
2026-02-24 21:15:00,708.87,713.62,708.87,713.61,52.266
2026-02-24 21:30:00,713.61,713.61,707.7,711.2,15.769
2026-02-24 21:45:00,711.1,715.83,709.0,715.7,2.801
2026-02-24 22:00:00,715.7,717.43,708.44,709.0,52.022
2026-02-24 22:15:00,709.0,709.0,703.84,704.9,76.781
2026-02-24 22:30:00,704.9,707.5,703.6,703.6,21.887
2026-02-24 22:45:00,703.7,712.17,700.99,706.52,191.57
2026-02-24 23:00:00,706.52,712.87,706.3,712.87,16.068
2026-02-24 23:15:00,712.87,713.34,708.2,712.15,30.678
2026-02-24 23:30:00,712.15,713.85,710.83,713.85,11.288
2026-02-24 23:45:00,712.68,712.68,710.09,710.1,0.896
2026-02-25 00:00:00,709.82,709.82,700.0,704.89,115.284
2026-02-25 00:15:00,704.89,707.41,701.36,705.38,95.749
2026-02-25 00:30:00,705.38,708.56,702.8,708.56,76.384
2026-02-25 00:45:00,708.56,712.64,708.56,711.0,61.186
2026-02-25 01:00:00,711.0,724.58,708.61,712.21,320.962
2026-02-25 01:15:00,712.21,715.09,708.63,715.09,266.852
2026-02-25 01:30:00,715.09,715.09,710.85,715.09,4.653
2026-02-25 01:45:00,715.09,720.66,715.09,720.66,253.301
2026-02-25 02:00:00,720.66,727.1,718.4,720.66,143.858
2026-02-25 02:15:00,720.66,723.47,716.16,723.2,67.725
2026-02-25 02:30:00,723.2,723.47,719.08,723.47,26.985
2026-02-25 02:45:00,723.47,726.78,719.43,726.77,37.655
2026-02-25 03:00:00,726.7,726.78,720.91,724.1,81.033
2026-02-25 03:15:00,723.9,724.99,713.7,719.34,89.422
2026-02-25 03:30:00,719.43,720.8,716.03,717.08,2.639
2026-02-25 03:45:00,717.08,723.48,717.08,717.87,11.753
2026-02-25 04:00:00,717.87,720.4,715.82,720.4,13.448
2026-02-25 04:15:00,720.44,722.87,720.44,721.87,3.232
2026-02-25 04:30:00,721.74,721.74,719.06,721.4,10.432
2026-02-25 04:45:00,721.4,721.4,721.4,721.4,3.222
2026-02-25 05:00:00,721.4,721.4,718.29,721.4,48.729
2026-02-25 05:15:00,720.76,721.4,716.38,720.25,9.274
2026-02-25 05:30:00,720.25,720.43,715.8,716.4,6.698
2026-02-25 05:45:00,715.35,716.4,710.01,710.59,38.128
2026-02-25 06:00:00,710.59,717.14,710.59,715.17,59.577
2026-02-25 06:15:00,715.17,716.29,712.4,716.29,14.162
2026-02-25 06:30:00,716.29,723.71,716.29,723.6,45.615
2026-02-25 06:45:00,723.71,737.27,718.74,718.75,4.917
2026-02-25 07:00:00,718.75,724.51,718.24,724.51,26.787
2026-02-25 07:15:00,724.51,724.51,718.17,720.39,48.314
2026-02-25 07:30:00,720.39,730.09,720.38,726.0,42.109
2026-02-25 07:45:00,726.75,733.33,721.0,724.9,20.611
2026-02-25 08:00:00,725.16,725.16,720.32,725.0,3.448
2026-02-25 08:15:00,724.98,724.98,722.59,722.59,0.939
2026-02-25 08:30:00,722.59,727.0,719.27,724.98,94.51
2026-02-25 08:45:00,724.98,724.99,720.94,723.98,5.061
2026-02-25 09:00:00,723.98,724.0,719.27,723.99,41.123
2026-02-25 09:15:00,723.99,723.99,719.28,721.0,2.458
2026-02-25 09:30:00,721.0,721.31,721.0,721.31,1.866
2026-02-25 09:45:00,721.31,722.71,721.31,722.71,0.88
2026-02-25 10:00:00,722.71,722.71,722.71,722.71,0.882
2026-02-25 10:15:00,722.71,724.4,720.11,724.4,29.309
2026-02-25 10:30:00,724.4,724.4,724.3,724.4,0.882
2026-02-25 10:45:00,724.4,724.4,720.81,724.04,37.892
2026-02-25 11:00:00,724.4,725.0,720.82,724.99,173.892
2026-02-25 11:15:00,724.99,725.0,721.75,725.0,14.492
2026-02-25 11:30:00,725.0,735.25,724.03,731.4,105.88
2026-02-25 11:45:00,728.4,733.49,723.47,728.16,67.191
2026-02-25 12:00:00,726.06,728.98,723.47,726.8,26.244
2026-02-25 12:15:00,726.79,726.79,724.75,725.67,10.645
2026-02-25 12:30:00,726.22,728.99,723.17,724.0,34.344
2026-02-25 12:45:00,724.0,725.46,723.16,725.46,11.512
2026-02-25 13:00:00,725.46,725.47,722.51,725.47,5.808
2026-02-25 13:15:00,725.47,725.47,722.56,725.47,3.936
2026-02-25 13:30:00,725.47,727.38,725.47,727.0,7.82
2026-02-25 13:45:00,727.0,727.0,722.56,727.0,0.9
2026-02-25 14:00:00,727.0,727.0,724.38,727.0,18.292
2026-02-25 14:15:00,727.0,728.99,725.22,728.99,26.183
2026-02-25 14:30:00,728.99,729.0,725.22,728.5,0.928
2026-02-25 14:45:00,728.5,732.99,728.5,732.5,8.065
2026-02-25 15:00:00,732.5,732.5,727.0,731.7,5.26
2026-02-25 15:15:00,726.02,732.0,726.02,732.0,1.572
2026-02-25 15:30:00,732.0,732.99,728.91,732.99,13.695
2026-02-25 15:45:00,732.94,732.99,732.0,732.99,8.813
2026-02-25 16:00:00,732.99,733.0,732.99,733.0,21.664
2026-02-25 16:15:00,733.0,733.0,733.0,733.0,0.885
2026-02-25 16:30:00,729.32,735.46,728.93,735.23,23.28
2026-02-25 16:45:00,735.22,735.5,731.56,735.5,1.021
2026-02-25 17:00:00,735.5,739.99,734.05,738.81,31.998
2026-02-25 17:15:00,738.8,738.8,732.65,738.69,27.684
2026-02-25 17:30:00,738.69,738.78,738.68,738.77,2.12
2026-02-25 17:45:00,738.77,739.83,730.46,739.7,171.797
2026-02-25 18:00:00,739.68,740.9,730.8,740.9,285.975
2026-02-25 18:15:00,740.9,743.47,737.0,739.37,36.23
2026-02-25 18:30:00,743.0,744.99,743.0,744.94,2.807
2026-02-25 18:45:00,744.94,744.95,741.17,744.9,2.44
2026-02-25 19:00:00,744.89,744.89,736.46,739.0,34.9
2026-02-25 19:15:00,739.0,742.55,730.48,740.12,75.559
2026-02-25 19:30:00,739.82,742.82,730.0,742.0,44.167
2026-02-25 19:45:00,741.98,741.98,733.09,739.98,0.988
2026-02-25 20:00:00,739.98,739.98,733.06,738.98,1.565
2026-02-25 20:15:00,738.98,738.98,732.0,733.76,3.778
2026-02-25 20:30:00,733.76,736.64,733.76,736.62,1.378
2026-02-25 20:45:00,736.62,738.92,735.19,738.87,10.397
2026-02-25 21:00:00,738.87,738.92,735.2,738.0,10.575
2026-02-25 21:15:00,737.99,741.28,737.99,741.26,0.858
2026-02-25 21:30:00,735.56,753.58,735.0,749.82,40.388
2026-02-25 21:45:00,746.01,749.82,737.0,740.93,14.574
2026-02-25 22:00:00,740.93,742.78,740.93,742.78,2.944
2026-02-25 22:15:00,742.78,750.0,733.79,748.67,41.795
2026-02-25 22:30:00,748.65,749.0,733.63,742.0,23.201
2026-02-25 22:45:00,742.0,742.12,737.74,738.43,1.996
2026-02-25 23:00:00,733.36,741.39,733.0,737.24,22.474
2026-02-25 23:15:00,737.24,741.97,735.89,741.89,74.898
2026-02-25 23:30:00,740.5,745.63,734.56,738.47,84.477
2026-02-25 23:45:00,736.99,739.76,733.0,737.43,111.794
2026-02-26 00:00:00,733.12,739.71,725.0,738.34,220.517
2026-02-26 00:15:00,738.34,741.1,732.99,734.0,101.124
2026-02-26 00:30:00,734.0,743.7,734.0,738.91,70.734
2026-02-26 00:45:00,738.91,740.17,737.0,740.15,14.437
2026-02-26 01:00:00,740.15,740.3,732.27,739.64,142.544
2026-02-26 01:15:00,739.63,739.64,728.95,730.78,97.038
2026-02-26 01:30:00,730.78,734.01,726.36,734.01,13.322
2026-02-26 01:45:00,734.01,735.89,728.0,735.52,106.282
2026-02-26 02:00:00,735.52,735.52,731.74,735.52,4.284
2026-02-26 02:15:00,735.52,735.52,735.5,735.52,1.065
2026-02-26 02:30:00,735.52,735.52,730.98,735.49,43.77
2026-02-26 02:45:00,735.49,735.49,730.1,733.41,78.364
2026-02-26 03:00:00,732.61,735.52,731.3,735.51,15.974
2026-02-26 03:15:00,735.51,735.52,735.51,735.52,0.435
2026-02-26 03:30:00,735.5,735.52,735.5,735.52,3.467
2026-02-26 03:45:00,735.52,735.52,731.85,735.52,1.298
2026-02-26 04:00:00,735.52,735.52,735.52,735.52,3.363
2026-02-26 04:15:00,735.52,735.52,733.26,735.51,1.211
2026-02-26 04:30:00,735.51,735.52,732.68,735.52,17.189
2026-02-26 04:45:00,735.52,737.7,735.52,737.7,0.437
2026-02-26 05:00:00,737.7,738.27,731.57,738.27,25.545
2026-02-26 05:15:00,736.77,765.27,736.14,765.27,623.673
2026-02-26 05:30:00,745.9,765.27,744.93,754.85,46.7
2026-02-26 05:45:00,752.74,765.0,752.74,765.0,43.809
2026-02-26 06:00:00,765.0,776.95,764.0,776.95,131.443
2026-02-26 06:15:00,771.4,779.26,771.4,774.92,139.611
2026-02-26 06:30:00,774.92,793.96,771.34,784.99,279.503
2026-02-26 06:45:00,784.99,785.0,772.85,774.6,90.187
2026-02-26 07:00:00,774.71,779.99,772.86,778.92,68.083
2026-02-26 07:15:00,778.92,780.0,774.15,779.99,88.761
2026-02-26 07:30:00,779.99,780.0,778.5,780.0,4.291
2026-02-26 07:45:00,780.0,780.0,777.0,780.0,3.119
2026-02-26 08:00:00,780.0,780.0,776.62,780.0,87.376
2026-02-26 08:15:00,776.25,780.0,775.18,779.38,12.902
2026-02-26 08:30:00,779.38,779.38,775.51,779.38,6.226
2026-02-26 08:45:00,779.38,780.0,775.19,779.98,5.982
2026-02-26 09:00:00,779.98,779.98,776.25,778.5,13.343
2026-02-26 09:15:00,778.5,778.5,778.0,778.0,9.959
2026-02-26 09:30:00,776.62,778.0,776.25,776.3,62.98
2026-02-26 09:45:00,778.0,790.0,776.3,789.61,188.515
2026-02-26 10:00:00,789.91,791.32,782.51,783.55,45.569
2026-02-26 10:15:00,783.55,787.63,783.2,787.63,214.876
2026-02-26 10:30:00,787.63,799.37,785.01,792.9,35.656
2026-02-26 10:45:00,792.9,793.11,787.0,793.11,0.6
2026-02-26 11:00:00,793.11,799.9,787.0,788.32,92.523
2026-02-26 11:15:00,788.32,788.32,785.01,785.01,16.856
2026-02-26 11:30:00,785.01,798.46,785.01,798.0,22.811
2026-02-26 11:45:00,797.99,814.76,789.93,798.0,298.455
2026-02-26 12:00:00,796.0,808.0,793.02,796.0,30.435
2026-02-26 12:15:00,796.0,804.81,793.4,800.0,6.889
2026-02-26 12:30:00,800.0,800.0,794.5,799.0,7.458
2026-02-26 12:45:00,800.0,803.27,795.0,803.27,39.953
2026-02-26 13:00:00,803.27,809.0,797.0,808.31,24.222
2026-02-26 13:15:00,807.7,808.9,802.83,803.0,69.399
2026-02-26 13:30:00,802.84,806.0,800.5,805.8,57.378
2026-02-26 13:45:00,805.8,805.8,805.79,805.79,2.763
2026-02-26 14:00:00,805.79,805.79,801.89,801.9,21.878
2026-02-26 14:15:00,802.86,805.89,800.0,804.2,73.186
2026-02-26 14:30:00,804.2,804.7,801.0,803.1,3.843
2026-02-26 14:45:00,802.58,804.67,797.78,797.78,60.745
2026-02-26 15:00:00,797.78,799.08,786.67,797.19,217.656
2026-02-26 15:15:00,797.1,797.1,774.44,780.01,335.305
2026-02-26 15:30:00,784.0,784.0,768.89,774.4,170.18
2026-02-26 15:45:00,774.4,790.49,770.25,781.9,189.8
2026-02-26 16:00:00,780.0,781.89,759.43,773.7,177.847
2026-02-26 16:15:00,773.47,785.01,764.29,785.01,89.593
2026-02-26 16:30:00,784.99,785.03,777.28,782.0,45.83
2026-02-26 16:45:00,782.0,782.0,772.61,778.97,42.038
2026-02-26 17:00:00,776.67,778.97,770.6,778.69,5.953
2026-02-26 17:15:00,778.69,778.97,771.12,777.6,25.079
2026-02-26 17:30:00,777.6,778.95,771.0,776.7,21.926
2026-02-26 17:45:00,776.7,778.97,764.8,776.89,57.944
2026-02-26 18:00:00,773.25,777.17,764.8,770.19,29.299
2026-02-26 18:15:00,770.19,770.19,758.0,762.05,206.263
2026-02-26 18:30:00,758.01,764.91,758.0,764.91,20.203
2026-02-26 18:45:00,764.68,765.23,758.06,762.0,17.422
2026-02-26 19:00:00,762.0,763.87,757.94,761.72,5.899
2026-02-26 19:15:00,761.73,767.27,757.95,767.27,48.17
2026-02-26 19:30:00,767.27,767.29,767.26,767.29,1.063
2026-02-26 19:45:00,767.29,767.29,766.97,767.29,8.825
2026-02-26 20:00:00,767.29,769.18,766.97,769.18,1.64
2026-02-26 20:15:00,769.18,775.91,769.18,775.91,36.652
2026-02-26 20:30:00,775.91,775.91,764.87,768.2,15.051
2026-02-26 20:45:00,764.31,769.92,764.14,767.98,29.055
2026-02-26 21:00:00,767.98,768.46,760.2,768.46,3.276
2026-02-26 21:15:00,768.46,769.35,768.46,769.35,4.566
2026-02-26 21:30:00,769.35,769.88,763.37,769.88,28.814
2026-02-26 21:45:00,769.88,769.88,763.15,766.99,2.475
2026-02-26 22:00:00,766.99,766.99,765.07,765.11,11.866
2026-02-26 22:15:00,765.11,766.56,765.11,766.56,7.384
2026-02-26 22:30:00,766.56,766.82,766.56,766.82,1.944
2026-02-26 22:45:00,766.82,766.82,766.82,766.82,0.825
2026-02-26 23:00:00,766.1,766.82,752.22,764.88,369.985
2026-02-26 23:15:00,765.0,765.0,754.0,758.65,53.321
2026-02-26 23:30:00,758.65,759.09,752.51,757.47,20.541
2026-02-26 23:45:00,757.08,757.08,748.77,752.08,76.944
2026-02-27 00:00:00,748.78,761.11,741.11,759.55,209.539
2026-02-27 00:15:00,757.0,765.77,752.24,757.45,325.96
2026-02-27 00:30:00,753.04,757.45,745.0,745.72,256.473
2026-02-27 00:45:00,745.0,748.88,735.56,743.06,437.951
2026-02-27 01:00:00,743.06,743.06,730.04,737.73,475.734
2026-02-27 01:15:00,737.73,740.8,734.06,737.67,274.916
2026-02-27 01:30:00,736.01,739.44,735.52,737.94,149.449
2026-02-27 01:45:00,738.45,740.8,734.5,738.21,128.267
2026-02-27 02:00:00,738.19,743.33,736.35,740.26,214.059
2026-02-27 02:15:00,741.8,745.28,740.13,745.28,193.784
2026-02-27 02:30:00,745.28,750.0,744.46,750.0,70.485
2026-02-27 02:45:00,750.0,751.09,747.88,751.09,13.012
2026-02-27 03:00:00,751.09,756.14,751.09,751.32,40.549
2026-02-27 03:15:00,751.32,754.36,748.45,753.87,192.581
2026-02-27 03:30:00,753.87,753.87,749.5,749.9,0.828
2026-02-27 03:45:00,749.5,754.31,749.5,753.01,28.591
2026-02-27 04:00:00,753.01,754.15,749.09,754.15,6.88
2026-02-27 04:15:00,754.15,754.15,746.99,749.28,5.117
2026-02-27 04:30:00,749.28,754.22,748.38,754.0,4.612
2026-02-27 04:45:00,754.0,754.31,752.21,754.31,37.923
2026-02-27 05:00:00,754.31,759.27,750.11,759.26,1.141
2026-02-27 05:15:00,759.27,763.86,755.8,761.42,86.345
2026-02-27 05:30:00,760.34,765.0,760.34,760.81,299.226
2026-02-27 05:45:00,761.4,764.99,753.48,754.49,63.284
2026-02-27 06:00:00,754.49,754.5,744.02,748.4,114.565
2026-02-27 06:15:00,749.13,750.16,739.0,742.56,25.003
2026-02-27 06:30:00,750.15,752.92,739.03,739.03,44.171
2026-02-27 06:45:00,744.9,752.72,739.03,741.75,228.93
2026-02-27 07:00:00,742.0,749.75,739.34,742.75,113.332
2026-02-27 07:15:00,748.95,752.7,742.68,746.7,56.917
2026-02-27 07:30:00,746.7,748.7,740.17,740.17,54.804
2026-02-27 07:45:00,744.9,745.14,740.02,740.8,47.155
2026-02-27 08:00:00,745.0,745.0,739.12,744.19,22.941
2026-02-27 08:15:00,744.2,744.48,739.03,744.2,15.574
2026-02-27 08:30:00,744.29,744.29,739.03,741.79,9.238
2026-02-27 08:45:00,741.79,743.15,735.2,738.99,40.997
2026-02-27 09:00:00,738.99,741.85,735.19,736.4,19.357
2026-02-27 09:15:00,735.59,739.78,735.25,735.41,15.6
2026-02-27 09:30:00,737.17,745.91,735.32,745.91,58.546
2026-02-27 09:45:00,745.24,745.93,740.45,742.29,31.363
2026-02-27 10:00:00,742.29,742.29,735.31,741.78,9.361
2026-02-27 10:15:00,741.78,745.92,735.3,745.92,35.723
2026-02-27 10:30:00,745.91,747.2,736.06,747.2,24.947
2026-02-27 10:45:00,744.0,749.6,739.3,747.8,16.138
2026-02-27 11:00:00,747.8,747.8,738.96,741.99,28.578
2026-02-27 11:15:00,742.0,742.0,735.3,735.6,75.32
2026-02-27 11:30:00,735.31,737.89,735.3,735.55,24.453
2026-02-27 11:45:00,737.59,737.6,735.3,736.01,5.675
2026-02-27 12:00:00,736.93,740.0,736.0,739.8,10.009
2026-02-27 12:15:00,739.8,740.79,737.0,740.69,9.681
2026-02-27 12:30:00,740.69,740.69,737.23,738.98,13.308
2026-02-27 12:45:00,738.98,738.98,735.3,737.67,18.896
2026-02-27 13:00:00,735.3,737.68,735.3,737.68,21.3
2026-02-27 13:15:00,737.68,737.68,735.3,737.66,8.79
2026-02-27 13:30:00,737.66,737.66,734.72,737.14,68.518
2026-02-27 13:45:00,737.14,737.14,734.6,736.91,6.672
2026-02-27 14:00:00,736.91,736.98,734.62,734.62,10.687
2026-02-27 14:15:00,734.62,736.91,701.01,718.0,976.204
2026-02-27 14:30:00,718.0,739.26,711.9,738.99,624.409
2026-02-27 14:45:00,738.99,740.27,733.56,739.89,52.869
2026-02-27 15:00:00,736.5,750.56,731.8,746.43,140.717
2026-02-27 15:15:00,738.41,746.81,738.16,738.35,4.069
2026-02-27 15:30:00,746.6,746.69,737.29,737.29,24.268
2026-02-27 15:45:00,743.13,745.4,737.29,739.0,0.928
2026-02-27 16:00:00,745.4,745.52,738.41,739.01,0.873
2026-02-27 16:15:00,744.99,744.99,739.0,740.01,15.347
2026-02-27 16:30:00,740.0,743.0,737.37,737.38,62.149
2026-02-27 16:45:00,737.37,741.49,733.11,733.24,40.152
2026-02-27 17:00:00,738.19,742.01,733.11,741.19,3.15
2026-02-27 17:15:00,741.38,743.0,737.01,742.5,4.256
2026-02-27 17:30:00,742.2,743.0,737.55,738.85,0.673
2026-02-27 17:45:00,738.85,738.85,732.93,736.95,6.667
2026-02-27 18:00:00,736.95,746.8,729.88,729.89,17.286
2026-02-27 18:15:00,737.45,737.45,729.88,733.37,12.873
2026-02-27 18:30:00,733.37,733.37,712.69,719.92,106.841
2026-02-27 18:45:00,719.92,728.0,717.0,724.49,8.435
2026-02-27 19:00:00,724.49,725.26,716.8,725.25,10.447
2026-02-27 19:15:00,716.61,725.26,714.1,725.25,9.768
2026-02-27 19:30:00,725.25,725.25,724.68,725.25,0.88
2026-02-27 19:45:00,725.25,725.26,715.01,725.23,2.714
2026-02-27 20:00:00,725.23,725.25,725.2,725.25,1.001
2026-02-27 20:15:00,725.25,725.26,716.0,725.24,4.458
2026-02-27 20:30:00,728.94,728.94,712.82,719.41,21.272
2026-02-27 20:45:00,719.41,719.41,719.41,719.41,0.85
2026-02-27 21:00:00,719.41,719.41,711.16,719.4,8.147
2026-02-27 21:15:00,719.4,719.41,712.01,719.41,11.187
2026-02-27 21:30:00,719.41,719.41,712.01,719.4,9.143
2026-02-27 21:45:00,719.4,719.4,719.4,719.4,1.327
2026-02-27 22:00:00,719.4,719.4,719.4,719.4,19.563
2026-02-27 22:15:00,719.4,719.41,712.04,719.41,11.679
2026-02-27 22:30:00,719.41,719.41,712.01,719.41,2.788
2026-02-27 22:45:00,719.41,748.99,712.02,722.49,67.1
2026-02-27 23:00:00,722.49,742.13,719.01,723.33,17.064
2026-02-27 23:15:00,719.05,725.0,719.01,724.97,3.491
2026-02-27 23:30:00,724.97,724.98,724.97,724.97,0.864
2026-02-27 23:45:00,724.97,725.0,719.0,724.99,3.809
2026-02-28 00:00:00,724.99,728.83,723.0,728.83,16.795
2026-02-28 00:15:00,728.83,733.9,724.07,729.1,0.864
2026-02-28 00:30:00,729.1,736.99,729.1,730.55,3.561
2026-02-28 00:45:00,730.55,744.36,721.0,732.81,6.8
2026-02-28 01:00:00,722.3,743.97,722.18,734.62,1.048
2026-02-28 01:15:00,734.62,739.98,734.62,736.53,0.973
2026-02-28 01:30:00,736.53,739.98,718.0,725.59,31.12
2026-02-28 01:45:00,722.3,739.98,714.45,738.0,218.213
2026-02-28 02:00:00,737.4,737.4,715.89,727.0,93.9
2026-02-28 02:15:00,727.0,738.08,717.0,722.0,83.496
2026-02-28 02:30:00,728.65,738.09,717.0,727.99,101.561
2026-02-28 02:45:00,726.9,733.96,723.1,729.5,20.46
2026-02-28 03:00:00,729.4,730.0,717.0,721.0,33.095
2026-02-28 03:15:00,721.0,736.17,719.0,727.0,44.095
2026-02-28 03:30:00,727.0,733.2,717.0,732.18,45.205
2026-02-28 03:45:00,732.1,732.1,700.0,719.49,113.169
2026-02-28 04:00:00,718.59,727.6,710.52,720.34,42.95
2026-02-28 04:15:00,716.61,725.09,712.72,724.5,80.663
2026-02-28 04:30:00,719.28,724.52,719.18,723.5,39.377
2026-02-28 04:45:00,719.19,724.8,719.18,722.6,18.851
2026-02-28 05:00:00,719.19,724.87,715.7,722.7,117.156
2026-02-28 05:15:00,715.73,724.86,715.72,723.2,108.483
2026-02-28 05:30:00,720.6,727.48,716.13,720.0,33.224
2026-02-28 05:45:00,720.0,736.0,715.3,729.92,64.121
2026-02-28 06:00:00,721.0,734.75,715.3,729.5,149.297
2026-02-28 06:15:00,724.02,730.0,722.03,728.8,13.386
2026-02-28 06:30:00,723.2,730.0,722.03,726.4,8.758
2026-02-28 06:45:00,722.03,727.35,704.4,717.3,79.377
2026-02-28 07:00:00,717.3,726.0,699.2,713.0,122.647
2026-02-28 07:15:00,713.0,720.71,713.0,719.0,0.85
2026-02-28 07:30:00,719.0,727.32,711.1,727.32,93.009
2026-02-28 07:45:00,725.0,725.0,711.1,711.1,22.768
2026-02-28 08:00:00,711.1,721.99,705.1,716.4,10.659
2026-02-28 08:15:00,716.4,716.4,707.28,712.0,22.358
2026-02-28 08:30:00,712.0,721.57,707.26,710.07,100.129
2026-02-28 08:45:00,708.01,711.99,707.0,709.22,137.897
2026-02-28 09:00:00,707.73,717.45,707.01,711.35,37.475
2026-02-28 09:15:00,707.13,712.99,707.08,710.0,16.972
2026-02-28 09:30:00,707.1,711.0,707.0,710.97,96.179
2026-02-28 09:45:00,707.02,712.97,707.0,711.98,23.204
2026-02-28 10:00:00,709.01,711.99,707.1,711.38,12.472
2026-02-28 10:15:00,707.11,709.88,707.0,707.37,28.852
2026-02-28 10:30:00,707.02,711.98,707.01,707.98,15.306
2026-02-28 10:45:00,707.13,709.29,707.0,709.15,14.91
2026-02-28 11:00:00,707.01,709.14,707.0,707.2,12.266
2026-02-28 11:15:00,707.01,707.22,707.0,707.2,12.625
2026-02-28 11:30:00,707.01,711.84,707.0,711.82,18.429
2026-02-28 11:45:00,709.47,711.82,707.0,710.26,16.611
2026-02-28 12:00:00,707.01,710.23,707.0,709.86,12.364
2026-02-28 12:15:00,707.01,709.97,707.0,709.5,12.315
2026-02-28 12:30:00,707.01,709.5,707.0,708.57,15.767
2026-02-28 12:45:00,707.0,710.98,707.0,708.92,26.069
2026-02-28 13:00:00,707.03,708.93,707.0,708.76,12.407
2026-02-28 13:15:00,707.01,708.69,707.0,707.43,38.341
2026-02-28 13:30:00,707.01,707.44,704.1,706.58,13.054
2026-02-28 13:45:00,705.01,707.23,704.1,707.17,12.654
2026-02-28 14:00:00,704.13,709.12,704.12,709.12,15.136
2026-02-28 14:15:00,709.12,721.0,709.12,717.98,26.908
2026-02-28 14:30:00,717.98,717.98,717.87,717.88,0.864
2026-02-28 14:45:00,717.88,717.88,717.84,717.84,0.886
2026-02-28 15:00:00,717.84,717.84,711.6,717.83,2.211
2026-02-28 15:15:00,717.83,717.83,715.9,716.3,0.867
2026-02-28 15:30:00,716.3,716.3,716.26,716.26,0.88
2026-02-28 15:45:00,716.24,716.24,713.88,715.98,2.416
2026-02-28 16:00:00,715.98,715.98,715.64,715.64,0.864
2026-02-28 16:15:00,715.6,719.43,715.59,719.43,5.204
2026-02-28 16:30:00,719.43,719.99,714.23,719.99,4.666
2026-02-28 16:45:00,719.99,723.41,713.1,720.99,10.739
2026-02-28 17:00:00,720.99,720.99,712.0,717.9,4.467
2026-02-28 17:15:00,718.1,718.11,712.5,718.06,0.919
2026-02-28 17:30:00,718.06,718.06,712.14,712.4,2.34
2026-02-28 17:45:00,712.2,718.09,712.2,718.09,2.45
2026-02-28 18:00:00,718.09,718.16,712.15,718.16,2.694
2026-02-28 18:15:00,718.16,719.46,718.0,718.0,0.865
2026-02-28 18:30:00,718.0,718.0,718.0,718.0,0.958
2026-02-28 18:45:00,718.0,719.45,716.91,716.91,0.864
2026-02-28 19:00:00,716.91,719.45,715.98,719.45,0.597
2026-02-28 19:15:00,715.98,719.21,706.63,719.19,59.143
2026-02-28 19:30:00,707.41,718.62,707.41,717.43,1.011
2026-02-28 19:45:00,717.43,718.19,711.3,716.94,6.597
2026-02-28 20:00:00,716.8,716.8,711.29,714.45,2.16
2026-02-28 20:15:00,714.45,717.18,714.45,714.45,0.882
2026-02-28 20:30:00,714.45,714.47,704.1,704.1,185.507
2026-02-28 20:45:00,704.1,719.44,704.1,719.0,19.059
2026-02-28 21:00:00,718.99,718.99,704.46,714.49,12.157
2026-02-28 21:15:00,714.49,714.49,714.49,714.49,0.0
2026-02-28 21:30:00,705.05,705.05,705.05,705.05,0.015
2026-02-28 21:45:00,705.05,705.05,705.05,705.05,0.0
2026-02-28 22:00:00,711.99,711.99,711.99,711.99,1.0
2026-02-28 22:15:00,711.99,716.26,710.66,716.26,28.066
2026-02-28 22:30:00,716.26,716.26,716.26,716.26,0.0
2026-02-28 22:45:00,716.26,716.26,716.26,716.26,0.042
2026-02-28 23:00:00,710.66,718.0,710.66,718.0,2.448
2026-02-28 23:15:00,717.01,717.01,707.41,707.41,0.454
2026-02-28 23:30:00,717.01,717.01,717.01,717.01,0.053
2026-02-28 23:45:00,717.01,717.01,717.01,717.01,0.0
2026-03-01 00:00:00,717.01,717.01,717.01,717.01,0.0
2026-03-01 00:15:00,717.01,717.01,717.01,717.01,0.0
2026-03-01 00:30:00,709.77,709.77,709.77,709.77,0.243
2026-03-01 00:45:00,709.77,709.77,709.77,709.77,0.0
2026-03-01 01:00:00,709.77,709.77,709.77,709.77,0.02
2026-03-01 01:15:00,709.77,709.77,709.77,709.77,0.0
2026-03-01 01:30:00,710.0,713.08,710.0,713.08,0.431
2026-03-01 01:45:00,713.08,713.08,713.08,713.08,0.0
2026-03-01 02:00:00,711.0,713.08,711.0,713.08,0.531
2026-03-01 02:15:00,716.15,716.16,711.54,711.54,4.494
2026-03-01 02:30:00,711.54,711.54,711.54,711.54,0.0
2026-03-01 02:45:00,712.6,717.0,712.6,717.0,4.883
2026-03-01 03:00:00,717.0,717.0,717.0,717.0,0.0
2026-03-01 03:15:00,712.6,734.0,712.6,734.0,20.727
2026-03-01 03:30:00,726.6,737.7,723.9,723.9,8.659
2026-03-01 03:45:00,723.9,723.9,723.9,723.9,0.69
2026-03-01 04:00:00,723.9,723.9,723.9,723.9,0.0
2026-03-01 04:15:00,730.0,730.0,730.0,730.0,1.633
2026-03-01 04:30:00,730.0,730.0,730.0,730.0,0.0
2026-03-01 04:45:00,733.95,735.29,723.9,734.9,3.096
2026-03-01 05:00:00,734.9,734.9,734.9,734.9,0.0
2026-03-01 05:15:00,734.9,734.9,734.9,734.9,0.0
2026-03-01 05:30:00,725.1,737.9,725.1,725.4,12.938
2026-03-01 05:45:00,726.0,726.0,724.0,724.0,2.015
2026-03-01 06:00:00,724.0,724.0,724.0,724.0,0.0
2026-03-01 06:15:00,726.0,735.6,724.5,724.5,0.845
2026-03-01 06:30:00,724.5,724.5,724.0,724.0,1.647
2026-03-01 06:45:00,734.7,734.7,734.7,734.7,0.016
2026-03-01 07:00:00,729.45,734.4,729.45,734.4,0.398
2026-03-01 07:15:00,734.4,734.5,726.14,734.49,3.569
2026-03-01 07:30:00,734.49,734.49,726.8,734.4,5.059
2026-03-01 07:45:00,734.4,734.49,725.62,734.49,7.704
2026-03-01 08:00:00,734.4,734.48,728.0,734.39,2.127
2026-03-01 08:15:00,734.39,734.87,734.0,734.85,4.439
2026-03-01 08:30:00,734.79,734.89,734.7,734.89,2.986
2026-03-01 08:45:00,734.89,742.46,732.3,742.46,64.98
2026-03-01 09:00:00,742.4,744.4,740.2,743.0,7.489
2026-03-01 09:15:00,743.0,744.8,740.2,744.02,6.654
2026-03-01 09:30:00,744.02,744.03,728.8,739.0,7.912
2026-03-01 09:45:00,739.0,742.79,735.21,737.0,3.156
2026-03-01 10:00:00,737.0,739.0,725.0,739.0,9.991
2026-03-01 10:15:00,739.0,741.01,730.6,736.8,2.847
2026-03-01 10:30:00,736.8,742.6,733.0,742.05,18.672
2026-03-01 10:45:00,742.05,743.0,741.0,743.0,42.43
2026-03-01 11:00:00,743.0,761.4,743.0,759.07,164.107
2026-03-01 11:15:00,754.98,754.98,726.84,727.16,68.327
2026-03-01 11:30:00,734.09,734.09,726.6,730.0,0.375
2026-03-01 11:45:00,730.0,730.0,730.0,730.0,0.0
2026-03-01 12:00:00,728.33,728.33,726.68,727.0,5.525
2026-03-01 12:15:00,727.0,732.2,727.0,727.01,4.348
2026-03-01 12:30:00,734.1,734.1,730.0,730.0,2.077
2026-03-01 12:45:00,733.6,734.1,728.31,734.1,3.542
2026-03-01 13:00:00,734.1,736.0,729.2,729.2,3.501
2026-03-01 13:15:00,735.2,735.49,735.2,735.49,0.741
2026-03-01 13:30:00,735.49,735.49,735.49,735.49,0.0
2026-03-01 13:45:00,735.0,735.0,735.0,735.0,0.28
2026-03-01 14:00:00,729.81,729.81,729.05,729.05,15.436
2026-03-01 14:15:00,728.35,728.35,728.05,728.05,19.308
2026-03-01 14:30:00,728.43,731.11,728.05,728.06,2.512
2026-03-01 14:45:00,728.06,728.06,728.06,728.06,0.0
2026-03-01 15:00:00,733.99,734.0,728.06,728.06,1.61
2026-03-01 15:15:00,733.99,738.0,733.99,738.0,14.43
2026-03-01 15:30:00,738.0,748.98,735.05,747.44,12.303
2026-03-01 15:45:00,747.44,747.44,747.0,747.43,5.094
2026-03-01 16:00:00,747.43,757.0,747.43,752.75,6.019
2026-03-01 16:15:00,752.75,752.75,752.5,752.75,6.745
2026-03-01 16:30:00,752.01,752.01,747.03,752.01,5.026
2026-03-01 16:45:00,752.01,757.3,746.79,754.0,20.379
2026-03-01 17:00:00,753.9,754.5,746.79,754.4,9.374
2026-03-01 17:15:00,754.4,754.5,740.01,754.4,5.095
2026-03-01 17:30:00,754.4,754.5,754.0,754.5,5.322
2026-03-01 17:45:00,754.5,754.5,743.0,749.5,5.154
2026-03-01 18:00:00,749.5,749.5,742.98,749.5,5.115
2026-03-01 18:15:00,749.5,754.5,742.98,754.5,5.302
2026-03-01 18:30:00,754.5,759.0,754.5,759.0,4.993
2026-03-01 18:45:00,759.0,759.9,759.0,759.9,4.993
2026-03-01 19:00:00,759.9,760.0,747.05,754.4,8.108
2026-03-01 19:15:00,759.6,760.0,754.41,757.81,6.239
2026-03-01 19:30:00,759.98,759.99,752.8,752.8,6.9
2026-03-01 19:45:00,754.9,754.91,747.05,747.07,3.777
2026-03-01 20:00:00,747.07,747.07,743.8,743.81,1.528
2026-03-01 20:15:00,743.81,747.87,739.81,742.13,1.324
2026-03-01 20:30:00,742.13,742.13,739.81,740.63,1.247
2026-03-01 20:45:00,740.8,740.8,739.5,739.5,1.999
2026-03-01 21:00:00,739.5,739.5,739.5,739.5,1.335
2026-03-01 21:15:00,739.5,739.5,739.5,739.5,0.0
2026-03-01 21:30:00,739.5,739.5,735.01,735.54,11.121
2026-03-01 21:45:00,735.54,735.54,735.54,735.54,0.0
2026-03-01 22:00:00,738.0,738.0,738.0,738.0,3.386
2026-03-01 22:15:00,738.0,751.5,738.0,751.5,1.095
2026-03-01 22:30:00,738.0,738.0,738.0,738.0,0.533
2026-03-01 22:45:00,740.49,751.5,735.01,751.5,6.315
2026-03-01 23:00:00,751.5,751.5,751.5,751.5,0.0
2026-03-01 23:15:00,750.0,750.39,750.0,750.39,6.648
2026-03-01 23:30:00,742.5,742.5,735.0,742.5,1.37
2026-03-01 23:45:00,738.66,754.0,735.1,735.1,19.597
2026-03-02 00:00:00,735.61,735.61,735.61,735.61,0.35
2026-03-02 00:15:00,752.0,752.25,752.0,752.25,2.011
2026-03-02 00:30:00,736.12,746.0,736.12,746.0,2.705
2026-03-02 00:45:00,746.0,746.0,746.0,746.0,0.0
2026-03-02 01:00:00,746.0,754.0,737.66,737.66,39.69
2026-03-02 01:15:00,737.66,741.72,737.66,741.72,0.33
2026-03-02 01:30:00,741.72,741.72,737.7,740.06,17.538
2026-03-02 01:45:00,741.7,741.7,730.5,730.5,51.432
2026-03-02 02:00:00,741.7,760.0,731.0,740.0,58.047
2026-03-02 02:15:00,746.0,753.77,740.34,743.0,2.308
2026-03-02 02:30:00,750.0,750.4,750.0,750.4,0.234
2026-03-02 02:45:00,740.34,740.34,740.34,740.34,2.344
2026-03-02 03:00:00,740.34,740.34,740.34,740.34,0.0
2026-03-02 03:15:00,746.99,747.0,746.99,747.0,2.006
2026-03-02 03:30:00,747.0,747.0,747.0,747.0,0.276
2026-03-02 03:45:00,747.0,747.0,747.0,747.0,0.99
2026-03-02 04:00:00,747.0,747.0,747.0,747.0,0.0
2026-03-02 04:15:00,743.4,747.0,743.01,747.0,2.875
2026-03-02 04:30:00,747.0,750.0,743.0,750.0,20.055
2026-03-02 04:45:00,743.0,743.0,743.0,743.0,0.201
2026-03-02 05:00:00,750.0,750.0,743.0,743.0,1.073
2026-03-02 05:15:00,743.0,743.0,743.0,743.0,0.0
2026-03-02 05:30:00,743.0,743.0,743.0,743.0,0.0
2026-03-02 05:45:00,745.0,745.0,743.42,743.42,4.317
2026-03-02 06:00:00,743.42,743.42,743.42,743.42,0.184
2026-03-02 06:15:00,743.42,743.42,741.84,741.84,2.796
2026-03-02 06:30:00,741.84,741.84,741.05,741.05,1.406
2026-03-02 06:45:00,741.05,741.05,741.05,741.05,0.0
2026-03-02 07:00:00,741.05,741.05,737.0,737.0,9.194
2026-03-02 07:15:00,737.01,737.01,735.0,735.0,64.015
2026-03-02 07:30:00,748.44,748.44,735.0,744.79,3.446
2026-03-02 07:45:00,735.0,735.0,724.46,725.0,170.961
2026-03-02 08:00:00,724.46,737.0,715.0,715.5,21.3
2026-03-02 08:15:00,725.7,729.4,718.0,718.0,8.118
2026-03-02 08:30:00,719.0,723.0,717.0,717.0,2.984
2026-03-02 08:45:00,720.0,739.0,717.84,722.0,47.888
2026-03-02 09:00:00,722.0,722.0,722.0,722.0,0.0
2026-03-02 09:15:00,721.5,731.4,712.6,721.0,145.864
2026-03-02 09:30:00,719.0,721.0,714.0,714.0,6.596
2026-03-02 09:45:00,716.4,719.4,712.68,716.1,10.156
2026-03-02 10:00:00,714.35,728.0,712.8,720.3,54.704
2026-03-02 10:15:00,720.9,734.7,720.0,725.7,32.039
2026-03-02 10:30:00,723.0,734.34,722.1,729.0,35.272
2026-03-02 10:45:00,724.67,724.67,720.9,720.9,0.834
2026-03-02 11:00:00,734.0,734.0,730.0,730.0,0.059
2026-03-02 11:15:00,728.0,728.0,728.0,728.0,0.041
2026-03-02 11:30:00,725.34,734.34,725.34,730.0,12.812
2026-03-02 11:45:00,735.2,735.2,724.8,725.0,6.312
2026-03-02 12:00:00,735.0,738.46,726.0,738.46,23.552
2026-03-02 12:15:00,738.46,743.0,726.56,743.0,0.748
2026-03-02 12:30:00,727.01,736.99,711.0,733.0,104.441
2026-03-02 12:45:00,720.0,720.0,718.0,718.0,101.4
2026-03-02 13:00:00,717.5,726.22,714.0,716.35,68.858
2026-03-02 13:15:00,716.35,724.9,714.0,719.3,83.233
2026-03-02 13:30:00,719.3,727.5,715.0,718.41,86.934
2026-03-02 13:45:00,720.0,727.8,716.0,719.0,32.902
2026-03-02 14:00:00,719.0,719.0,715.1,716.3,37.589
2026-03-02 14:15:00,717.3,719.7,711.3,711.61,68.13
2026-03-02 14:30:00,716.4,757.0,711.51,757.0,383.303
2026-03-02 14:45:00,738.8,797.2,738.5,797.2,1551.564
2026-03-02 15:00:00,789.85,795.26,750.0,771.0,1447.393
2026-03-02 15:15:00,770.99,779.28,758.0,766.54,1451.426
2026-03-02 15:30:00,764.0,773.07,750.71,756.5,1282.318
2026-03-02 15:45:00,756.84,763.2,750.0,756.0,518.74
2026-03-02 16:00:00,756.0,766.19,751.16,760.0,108.501
2026-03-02 16:15:00,762.36,762.5,742.0,745.8,225.885
2026-03-02 16:30:00,750.0,764.0,746.02,762.95,18.919
2026-03-02 16:45:00,760.0,771.55,749.28,763.0,108.627
2026-03-02 17:00:00,762.99,763.0,755.07,755.07,5.752
2026-03-02 17:15:00,755.07,763.0,755.07,763.0,2.233
2026-03-02 17:30:00,760.55,763.0,756.0,763.0,7.161
2026-03-02 17:45:00,756.07,778.59,756.07,760.0,79.821
2026-03-02 18:00:00,770.0,770.0,769.0,769.0,12.871
2026-03-02 18:15:00,769.5,769.5,757.09,764.61,53.901
2026-03-02 18:30:00,764.0,764.91,755.0,764.89,0.362
2026-03-02 18:45:00,764.9,765.0,764.4,765.0,0.405
2026-03-02 19:00:00,765.0,765.0,765.0,765.0,1.884
2026-03-02 19:15:00,765.0,765.0,755.0,764.99,2.526
2026-03-02 19:30:00,764.99,765.0,755.01,765.0,3.258
2026-03-02 19:45:00,765.0,765.0,764.0,764.0,0.038
2026-03-02 20:00:00,764.0,764.74,764.0,764.5,15.488
2026-03-02 20:15:00,764.5,764.5,743.34,763.99,72.688
2026-03-02 20:30:00,765.0,766.0,764.74,764.74,9.011
2026-03-02 20:45:00,765.99,766.0,747.0,759.0,5.391
2026-03-02 21:00:00,754.25,770.0,754.25,767.5,39.653
2026-03-02 21:15:00,767.08,770.0,755.0,765.0,11.71
2026-03-02 21:30:00,765.0,765.0,760.0,765.0,1.845
2026-03-02 21:45:00,760.0,764.0,760.0,764.0,0.11
2026-03-02 22:00:00,764.0,764.0,764.0,764.0,0.0
2026-03-02 22:15:00,755.0,758.5,749.0,758.5,2.497
2026-03-02 22:30:00,749.5,755.5,745.0,748.92,47.127
2026-03-02 22:45:00,745.0,760.0,745.0,750.0,11.461
2026-03-02 23:00:00,745.0,745.0,713.33,725.0,984.759
2026-03-02 23:15:00,725.0,725.0,717.0,720.0,68.787
2026-03-02 23:30:00,718.86,729.3,717.77,725.34,102.037
2026-03-02 23:45:00,722.0,729.15,718.0,718.0,84.55
2026-03-03 00:00:00,719.02,727.55,705.0,708.0,601.499
2026-03-03 00:15:00,705.0,709.0,695.25,704.08,979.032
