timestamp,open,high,low,close,volume
2025-09-24 07:15:00+00:00,0.06211,0.06245,0.0615,0.06173,1142401.0
2025-09-24 07:30:00+00:00,0.06173,0.06245,0.06169,0.06208,937117.0
2025-09-24 07:45:00+00:00,0.06209,0.06247,0.06197,0.06245,747518.0
2025-09-24 08:00:00+00:00,0.06246,0.07762,0.06245,0.07458,90175995.0
2025-09-24 08:15:00+00:00,0.07421,0.09578,0.07251,0.09173,227728598.0
2025-09-24 08:30:00+00:00,0.09164,0.105,0.08901,0.09515,275180484.0
2025-09-24 08:45:00+00:00,0.09516,0.106,0.09223,0.09677,159748782.0
2025-09-24 09:00:00+00:00,0.0967,0.10113,0.08573,0.08978,178391873.0
2025-09-24 09:15:00+00:00,0.08972,0.09275,0.08731,0.09131,73981077.0
2025-09-24 09:30:00+00:00,0.09123,0.096,0.08702,0.0901,88568801.0
2025-09-24 09:45:00+00:00,0.09004,0.09417,0.08921,0.09211,67804913.0
2025-09-24 10:00:00+00:00,0.09207,0.0959,0.09121,0.0954,75344006.0
2025-09-24 10:15:00+00:00,0.09537,0.10072,0.09512,0.0971,103489621.0
2025-09-24 10:30:00+00:00,0.09714,0.09873,0.09169,0.09608,77310126.0
2025-09-24 10:45:00+00:00,0.09605,0.09708,0.09213,0.09411,48679583.0
2025-09-24 11:00:00+00:00,0.09412,0.09586,0.08612,0.09093,144554543.0
2025-09-24 11:15:00+00:00,0.09094,0.0995,0.09062,0.098,111848952.0
2025-09-24 11:30:00+00:00,0.09805,0.10168,0.09146,0.09301,106459446.0
2025-09-24 11:45:00+00:00,0.09308,0.09579,0.09046,0.09484,54672622.0
2025-09-24 12:00:00+00:00,0.0948,0.11,0.09258,0.10934,168916886.0
2025-09-24 12:15:00+00:00,0.10935,0.114,0.1042,0.11037,178693312.0
2025-09-24 12:30:00+00:00,0.11042,0.11388,0.10547,0.10763,115804906.0
2025-09-24 12:45:00+00:00,0.10766,0.111,0.1007,0.10379,114677765.0
2025-09-24 13:00:00+00:00,0.10384,0.10532,0.09874,0.10223,89333323.0
2025-09-24 13:15:00+00:00,0.10222,0.1042,0.09957,0.10365,66492629.0
2025-09-24 13:30:00+00:00,0.10365,0.10999,0.10254,0.10557,89955846.0
2025-09-24 13:45:00+00:00,0.10556,0.1111,0.10458,0.10963,79065255.0
2025-09-24 14:00:00+00:00,0.10965,0.1145,0.10602,0.10643,139888937.0
2025-09-24 14:15:00+00:00,0.10635,0.11173,0.1032,0.11048,89660594.0
2025-09-24 14:30:00+00:00,0.11046,0.11879,0.10912,0.11733,129802052.0
2025-09-24 14:45:00+00:00,0.11733,0.12229,0.115,0.1164,152118204.0
2025-09-24 15:00:00+00:00,0.11645,0.12033,0.1132,0.11631,109193173.0
2025-09-24 15:15:00+00:00,0.11626,0.1228,0.11515,0.11611,92556058.0
2025-09-24 15:30:00+00:00,0.1161,0.11726,0.10427,0.10799,150974354.0
2025-09-24 15:45:00+00:00,0.10792,0.10995,0.10541,0.10755,73471410.0
2025-09-24 16:00:00+00:00,0.10758,0.10941,0.1,0.10314,118113510.0
2025-09-24 16:15:00+00:00,0.10314,0.10684,0.09885,0.10506,102412487.0
2025-09-24 16:30:00+00:00,0.10508,0.11137,0.10156,0.10825,99756214.0
2025-09-24 16:45:00+00:00,0.1083,0.1092,0.10281,0.10435,63543696.0
2025-09-24 17:00:00+00:00,0.10433,0.10512,0.0983,0.10034,110422439.0
2025-09-24 17:15:00+00:00,0.10036,0.10322,0.0963,0.09999,110220813.0
2025-09-24 17:30:00+00:00,0.10002,0.10483,0.09909,0.10164,62973260.0
2025-09-24 17:45:00+00:00,0.10167,0.10427,0.10083,0.10377,40124074.0
2025-09-24 18:00:00+00:00,0.10379,0.10576,0.10217,0.10246,46236418.0
2025-09-24 18:15:00+00:00,0.10248,0.10535,0.10081,0.10435,42693005.0
2025-09-24 18:30:00+00:00,0.10434,0.10467,0.10115,0.10213,33541726.0
2025-09-24 18:45:00+00:00,0.1021,0.1049,0.0996,0.10385,41740909.0
2025-09-24 19:00:00+00:00,0.10383,0.10398,0.09969,0.10206,32511822.0
2025-09-24 19:15:00+00:00,0.10207,0.1043,0.10085,0.10208,28075058.0
2025-09-24 19:30:00+00:00,0.10207,0.1036,0.10103,0.10169,21823505.0
2025-09-24 19:45:00+00:00,0.10169,0.1026,0.10052,0.10166,24381484.0
2025-09-24 20:00:00+00:00,0.10163,0.103,0.097,0.09853,60208802.0
2025-09-24 20:15:00+00:00,0.09856,0.10126,0.09669,0.09923,46368001.0
2025-09-24 20:30:00+00:00,0.09926,0.10287,0.09767,0.10227,44828958.0
2025-09-24 20:45:00+00:00,0.10226,0.10452,0.10212,0.10371,30949270.0
2025-09-24 21:00:00+00:00,0.10374,0.11111,0.103,0.10646,83339130.0
2025-09-24 21:15:00+00:00,0.10645,0.10645,0.10403,0.10517,28952677.0
2025-09-24 21:30:00+00:00,0.10517,0.10537,0.10138,0.10252,23736864.0
2025-09-24 21:45:00+00:00,0.10252,0.10533,0.10096,0.10465,22946775.0
2025-09-24 22:00:00+00:00,0.10463,0.11253,0.10461,0.10839,64763362.0
2025-09-24 22:15:00+00:00,0.1084,0.11064,0.10641,0.10815,37937350.0
2025-09-24 22:30:00+00:00,0.10815,0.1099,0.10648,0.10948,28820240.0
2025-09-24 22:45:00+00:00,0.10948,0.11096,0.10672,0.10832,27250473.0
2025-09-24 23:00:00+00:00,0.10831,0.11298,0.1082,0.10913,42876267.0
2025-09-24 23:15:00+00:00,0.10909,0.11043,0.10711,0.11006,24097859.0
2025-09-24 23:30:00+00:00,0.11007,0.11199,0.10839,0.11094,29786989.0
2025-09-24 23:45:00+00:00,0.11095,0.11348,0.10768,0.10831,36596187.0
2025-09-25 00:00:00+00:00,0.1083,0.11309,0.10727,0.11012,60880195.0
2025-09-25 00:15:00+00:00,0.11007,0.11213,0.10865,0.10959,32030175.0
2025-09-25 00:30:00+00:00,0.10957,0.12098,0.108,0.1167,92319396.0
2025-09-25 00:45:00+00:00,0.11673,0.12764,0.11365,0.12387,131805624.0
2025-09-25 01:00:00+00:00,0.12387,0.132,0.11901,0.12244,165441409.0
2025-09-25 01:15:00+00:00,0.12244,0.12266,0.10614,0.10992,136451051.0
2025-09-25 01:30:00+00:00,0.10991,0.1114,0.10371,0.10682,65576182.0
2025-09-25 01:45:00+00:00,0.10682,0.10748,0.10102,0.10314,61403446.0
2025-09-25 02:00:00+00:00,0.10313,0.10673,0.10171,0.10505,56009951.0
2025-09-25 02:15:00+00:00,0.10505,0.10787,0.10338,0.10429,51662640.0
2025-09-25 02:30:00+00:00,0.10432,0.10988,0.10335,0.10847,40142396.0
2025-09-25 02:45:00+00:00,0.1085,0.10905,0.10336,0.10444,35189777.0
2025-09-25 03:00:00+00:00,0.1044,0.10545,0.09912,0.10088,51212513.0
2025-09-25 03:15:00+00:00,0.10088,0.10235,0.09779,0.09861,46192106.0
2025-09-25 03:30:00+00:00,0.09856,0.10044,0.0974,0.09899,35285597.0
2025-09-25 03:45:00+00:00,0.09898,0.10199,0.09816,0.10065,32282983.0
2025-09-25 04:00:00+00:00,0.10065,0.1007,0.09346,0.09484,68442437.0
2025-09-25 04:15:00+00:00,0.09484,0.09708,0.09409,0.09525,38314638.0
2025-09-25 04:30:00+00:00,0.09527,0.09577,0.09202,0.09371,38308408.0
2025-09-25 04:45:00+00:00,0.09373,0.09495,0.09269,0.09317,25273433.0
2025-09-25 05:00:00+00:00,0.09318,0.09598,0.0925,0.09486,39212418.0
2025-09-25 05:15:00+00:00,0.09487,0.09685,0.09332,0.0957,33080640.0
2025-09-25 05:30:00+00:00,0.09568,0.09679,0.09435,0.09527,29371003.0
2025-09-25 05:45:00+00:00,0.09528,0.09531,0.0901,0.09391,51247051.0
2025-09-25 06:00:00+00:00,0.09394,0.09564,0.09143,0.09233,35883083.0
2025-09-25 06:15:00+00:00,0.0923,0.09428,0.09101,0.09181,25115106.0
2025-09-25 06:30:00+00:00,0.09181,0.09259,0.0901,0.09047,33651986.0
2025-09-25 06:45:00+00:00,0.09046,0.09285,0.0901,0.09221,30954472.0
2025-09-25 07:00:00+00:00,0.09222,0.09249,0.08909,0.08989,39554945.0
2025-09-25 07:15:00+00:00,0.08987,0.09167,0.0895,0.09037,26027368.0
2025-09-25 07:30:00+00:00,0.09038,0.09044,0.08779,0.08964,40163585.0
2025-09-25 07:45:00+00:00,0.08963,0.09073,0.08821,0.08844,27621706.0
2025-09-25 08:00:00+00:00,0.08844,0.08952,0.08817,0.08891,24760986.0
2025-09-25 08:15:00+00:00,0.08892,0.0898,0.08747,0.08933,27025028.0
2025-09-25 08:30:00+00:00,0.08932,0.08955,0.0877,0.08922,20215092.0
2025-09-25 08:45:00+00:00,0.08923,0.09089,0.0889,0.08973,31713807.0
2025-09-25 09:00:00+00:00,0.08973,0.09287,0.08784,0.08981,46253621.0
2025-09-25 09:15:00+00:00,0.08983,0.09227,0.08884,0.09142,22011599.0
2025-09-25 09:30:00+00:00,0.09143,0.0918,0.08972,0.09011,12301236.0
2025-09-25 09:45:00+00:00,0.0901,0.0901,0.0883,0.08902,16123817.0
2025-09-25 10:00:00+00:00,0.089,0.09154,0.0888,0.09137,15392697.0
2025-09-25 10:15:00+00:00,0.09137,0.09199,0.09017,0.09036,11121466.0
2025-09-25 10:30:00+00:00,0.09035,0.09066,0.08943,0.08982,8634619.0
2025-09-25 10:45:00+00:00,0.08981,0.09054,0.08911,0.08939,6725674.0
2025-09-25 11:00:00+00:00,0.08939,0.09028,0.08852,0.08937,13458631.0
2025-09-25 11:15:00+00:00,0.08937,0.0913,0.08921,0.09126,9042048.0
2025-09-25 11:30:00+00:00,0.09126,0.09166,0.0905,0.09075,8225134.0
2025-09-25 11:45:00+00:00,0.09076,0.09157,0.08934,0.09001,13303338.0
2025-09-25 12:00:00+00:00,0.09001,0.09175,0.08952,0.09137,8283117.0
2025-09-25 12:15:00+00:00,0.09138,0.09139,0.0875,0.0888,13495641.0
2025-09-25 12:30:00+00:00,0.08877,0.0923,0.08863,0.09027,29160908.0
2025-09-25 12:45:00+00:00,0.09028,0.09041,0.08795,0.08803,10769304.0
2025-09-25 13:00:00+00:00,0.08804,0.08975,0.08705,0.0891,22917891.0
2025-09-25 13:15:00+00:00,0.08909,0.09125,0.08892,0.09021,16946793.0
2025-09-25 13:30:00+00:00,0.09021,0.09038,0.08737,0.08803,14995383.0
2025-09-25 13:45:00+00:00,0.088,0.08953,0.08795,0.0891,12278738.0
2025-09-25 14:00:00+00:00,0.0891,0.09164,0.08892,0.09118,16051913.0
2025-09-25 14:15:00+00:00,0.0912,0.09179,0.08974,0.09044,13550573.0
2025-09-25 14:30:00+00:00,0.09047,0.09093,0.08906,0.08946,9844541.0
2025-09-25 14:45:00+00:00,0.08946,0.08962,0.0884,0.08878,9049221.0
2025-09-25 15:00:00+00:00,0.08881,0.08903,0.08743,0.08822,12369589.0
2025-09-25 15:15:00+00:00,0.08822,0.08827,0.08504,0.08738,31109709.0
2025-09-25 15:30:00+00:00,0.0874,0.08763,0.08573,0.08592,12263789.0
2025-09-25 15:45:00+00:00,0.08593,0.08814,0.08571,0.08781,11590108.0
2025-09-25 16:00:00+00:00,0.08783,0.09223,0.08716,0.0907,40927705.0
2025-09-25 16:15:00+00:00,0.09067,0.09201,0.08979,0.09057,12897057.0
2025-09-25 16:30:00+00:00,0.09056,0.09137,0.09041,0.09107,5764336.0
2025-09-25 16:45:00+00:00,0.09104,0.09287,0.09094,0.09106,13173278.0
2025-09-25 17:00:00+00:00,0.09103,0.09145,0.09015,0.09049,9347324.0
2025-09-25 17:15:00+00:00,0.09051,0.09386,0.09037,0.09206,17822651.0
2025-09-25 17:30:00+00:00,0.09203,0.09315,0.09113,0.093,9018928.0
2025-09-25 17:45:00+00:00,0.09298,0.09325,0.09117,0.09153,8408489.0
2025-09-25 18:00:00+00:00,0.0915,0.0919,0.08975,0.09052,13286745.0
2025-09-25 18:15:00+00:00,0.09053,0.09067,0.08937,0.09,8480728.0
2025-09-25 18:30:00+00:00,0.09002,0.0912,0.08957,0.09085,6611606.0
2025-09-25 18:45:00+00:00,0.09085,0.0925,0.09047,0.09182,7766865.0
2025-09-25 19:00:00+00:00,0.09182,0.09214,0.09074,0.09135,7238377.0
2025-09-25 19:15:00+00:00,0.09136,0.09181,0.09048,0.09078,5159701.0
2025-09-25 19:30:00+00:00,0.09078,0.09099,0.08955,0.08998,4621359.0
2025-09-25 19:45:00+00:00,0.08999,0.09021,0.08897,0.09017,4096836.0
2025-09-25 20:00:00+00:00,0.09015,0.09028,0.08827,0.08863,7756542.0
2025-09-25 20:15:00+00:00,0.08864,0.08875,0.08808,0.08836,4361459.0
2025-09-25 20:30:00+00:00,0.08836,0.0884,0.0867,0.08748,6882244.0
2025-09-25 20:45:00+00:00,0.08746,0.08828,0.0871,0.088,3527832.0
2025-09-25 21:00:00+00:00,0.088,0.08807,0.08623,0.08701,7679005.0
2025-09-25 21:15:00+00:00,0.087,0.0872,0.08516,0.08571,6283294.0
2025-09-25 21:30:00+00:00,0.08573,0.08637,0.08303,0.08412,11852357.0
2025-09-25 21:45:00+00:00,0.08412,0.08507,0.08357,0.08438,6722799.0
2025-09-25 22:00:00+00:00,0.08437,0.08445,0.0805,0.0814,20510881.0
2025-09-25 22:15:00+00:00,0.08142,0.08156,0.07992,0.08082,11909520.0
2025-09-25 22:30:00+00:00,0.08086,0.08094,0.08011,0.08051,5708302.0
2025-09-25 22:45:00+00:00,0.08053,0.08065,0.07891,0.07972,13714617.0
2025-09-25 23:00:00+00:00,0.07975,0.08024,0.07835,0.07874,10085630.0
2025-09-25 23:15:00+00:00,0.07877,0.07882,0.07752,0.07773,7170053.0
2025-09-25 23:30:00+00:00,0.07773,0.07809,0.07701,0.07748,8451335.0
2025-09-25 23:45:00+00:00,0.07744,0.07805,0.07683,0.07801,7836586.0
2025-09-26 00:00:00+00:00,0.07805,0.08065,0.07737,0.08035,16872284.0
2025-09-26 00:15:00+00:00,0.08036,0.08279,0.08027,0.08191,15801838.0
2025-09-26 00:30:00+00:00,0.08189,0.08197,0.07991,0.08012,12057626.0
2025-09-26 00:45:00+00:00,0.08015,0.08319,0.0796,0.08233,10079287.0
2025-09-26 01:00:00+00:00,0.08234,0.08242,0.07911,0.07967,14836961.0
2025-09-26 01:15:00+00:00,0.07966,0.07991,0.0783,0.07842,8739570.0
2025-09-26 01:30:00+00:00,0.0785,0.07858,0.07721,0.07822,8366932.0
2025-09-26 01:45:00+00:00,0.07822,0.07883,0.07705,0.07731,5334127.0
2025-09-26 02:00:00+00:00,0.07729,0.07791,0.07638,0.07688,9889927.0
2025-09-26 02:15:00+00:00,0.07691,0.07808,0.07676,0.07726,5252721.0
2025-09-26 02:30:00+00:00,0.07729,0.0773,0.07665,0.07711,3788583.0
2025-09-26 02:45:00+00:00,0.07709,0.07773,0.076,0.0764,6174488.0
2025-09-26 03:00:00+00:00,0.0764,0.07665,0.07539,0.07635,6733761.0
2025-09-26 03:15:00+00:00,0.07636,0.07707,0.07581,0.07598,4109427.0
2025-09-26 03:30:00+00:00,0.07598,0.07647,0.0757,0.07613,3160104.0
2025-09-26 03:45:00+00:00,0.07613,0.07646,0.07566,0.07569,2762800.0
2025-09-26 04:00:00+00:00,0.07571,0.07683,0.07571,0.0761,4284961.0
2025-09-26 04:15:00+00:00,0.07611,0.07688,0.07571,0.07581,3382578.0
2025-09-26 04:30:00+00:00,0.07581,0.07581,0.07464,0.07514,5359163.0
2025-09-26 04:45:00+00:00,0.07516,0.07614,0.07514,0.07579,3728530.0
2025-09-26 05:00:00+00:00,0.07579,0.07675,0.07514,0.07641,5246143.0
2025-09-26 05:15:00+00:00,0.07641,0.07665,0.07563,0.0766,2912285.0
2025-09-26 05:30:00+00:00,0.0766,0.07688,0.07614,0.07657,3304664.0
2025-09-26 05:45:00+00:00,0.07657,0.07711,0.07605,0.0767,4225784.0
2025-09-26 06:00:00+00:00,0.07671,0.07679,0.07508,0.07593,6523866.0
2025-09-26 06:15:00+00:00,0.07594,0.07698,0.07591,0.07644,4513459.0
2025-09-26 06:30:00+00:00,0.07642,0.07679,0.07573,0.07667,2570213.0
2025-09-26 06:45:00+00:00,0.07668,0.07671,0.0752,0.07557,4132857.0
2025-09-26 07:00:00+00:00,0.07557,0.07602,0.07521,0.07563,3713010.0
2025-09-26 07:15:00+00:00,0.07563,0.07598,0.07529,0.07531,3366114.0
2025-09-26 07:30:00+00:00,0.0753,0.0757,0.07466,0.0757,4441753.0
2025-09-26 07:45:00+00:00,0.07567,0.07578,0.07517,0.07556,3814591.0
2025-09-26 08:00:00+00:00,0.07555,0.07665,0.07541,0.07659,4778167.0
2025-09-26 08:15:00+00:00,0.07661,0.07885,0.07647,0.07853,7248924.0
2025-09-26 08:30:00+00:00,0.0785,0.07889,0.07701,0.07731,8430221.0
2025-09-26 08:45:00+00:00,0.07732,0.07851,0.07722,0.07818,3572387.0
2025-09-26 09:00:00+00:00,0.07818,0.0797,0.07811,0.07893,6434228.0
2025-09-26 09:15:00+00:00,0.07894,0.07913,0.07783,0.07791,4150841.0
2025-09-26 09:30:00+00:00,0.07789,0.07806,0.07618,0.07685,5249896.0
2025-09-26 09:45:00+00:00,0.07685,0.0775,0.07615,0.07635,4543371.0
2025-09-26 10:00:00+00:00,0.07636,0.07644,0.07395,0.07424,9007255.0
2025-09-26 10:15:00+00:00,0.07424,0.07432,0.07281,0.07314,8180102.0
2025-09-26 10:30:00+00:00,0.07315,0.0737,0.0726,0.07335,4828819.0
2025-09-26 10:45:00+00:00,0.07335,0.07335,0.0725,0.07269,3147477.0
2025-09-26 11:00:00+00:00,0.07267,0.07308,0.0717,0.07212,6248903.0
2025-09-26 11:15:00+00:00,0.07214,0.07255,0.07151,0.0718,3612396.0
2025-09-26 11:30:00+00:00,0.07181,0.07267,0.07119,0.07235,4917290.0
2025-09-26 11:45:00+00:00,0.07235,0.07237,0.07155,0.07192,4032759.0
2025-09-26 12:00:00+00:00,0.07192,0.072,0.07038,0.07052,6814114.0
2025-09-26 12:15:00+00:00,0.07054,0.07098,0.06967,0.0702,6567054.0
2025-09-26 12:30:00+00:00,0.07016,0.07298,0.06988,0.07204,14903006.0
2025-09-26 12:45:00+00:00,0.07203,0.07248,0.0711,0.07117,7627540.0
2025-09-26 13:00:00+00:00,0.07117,0.07174,0.07091,0.071,5321257.0
2025-09-26 13:15:00+00:00,0.07103,0.07162,0.07062,0.07093,4887991.0
2025-09-26 13:30:00+00:00,0.07094,0.07307,0.07065,0.07277,6324698.0
2025-09-26 13:45:00+00:00,0.07275,0.07412,0.07263,0.07392,9395121.0
2025-09-26 14:00:00+00:00,0.07391,0.07418,0.07207,0.07277,11227827.0
2025-09-26 14:15:00+00:00,0.07274,0.07315,0.07213,0.07283,2771391.0
2025-09-26 14:30:00+00:00,0.07283,0.07366,0.07226,0.07317,2667452.0
2025-09-26 14:45:00+00:00,0.07318,0.07338,0.0727,0.07278,1891986.0
2025-09-26 15:00:00+00:00,0.07279,0.07599,0.07277,0.07428,9219543.0
2025-09-26 15:15:00+00:00,0.07429,0.07571,0.0741,0.07437,4290427.0
2025-09-26 15:30:00+00:00,0.07435,0.07537,0.07435,0.07516,2426658.0
2025-09-26 15:45:00+00:00,0.07519,0.07521,0.07421,0.07438,1854004.0
2025-09-26 16:00:00+00:00,0.0744,0.07577,0.07422,0.07524,3697857.0
2025-09-26 16:15:00+00:00,0.0752,0.0762,0.07514,0.07571,2708404.0
2025-09-26 16:30:00+00:00,0.07571,0.07648,0.07555,0.07616,2820836.0
2025-09-26 16:45:00+00:00,0.07615,0.07682,0.07609,0.07644,2880606.0
2025-09-26 17:00:00+00:00,0.07643,0.07649,0.07497,0.07503,4965582.0
2025-09-26 17:15:00+00:00,0.07503,0.07664,0.07496,0.07628,3098831.0
2025-09-26 17:30:00+00:00,0.07631,0.07653,0.07543,0.07576,2089527.0
2025-09-26 17:45:00+00:00,0.07575,0.07597,0.07521,0.07537,1961762.0
2025-09-26 18:00:00+00:00,0.07537,0.07593,0.07502,0.07571,2762951.0
2025-09-26 18:15:00+00:00,0.07571,0.07658,0.07555,0.07646,2733337.0
2025-09-26 18:30:00+00:00,0.07647,0.07647,0.07502,0.07536,2949862.0
2025-09-26 18:45:00+00:00,0.07535,0.0762,0.07515,0.07606,2736380.0
2025-09-26 19:00:00+00:00,0.07607,0.07609,0.07518,0.07549,2656262.0
2025-09-26 19:15:00+00:00,0.07551,0.07574,0.07464,0.07483,1794878.0
2025-09-26 19:30:00+00:00,0.07482,0.07499,0.074,0.07436,4810976.0
2025-09-26 19:45:00+00:00,0.07438,0.07451,0.07388,0.07394,2373258.0
2025-09-26 20:00:00+00:00,0.07394,0.0748,0.07381,0.0747,2824266.0
2025-09-26 20:15:00+00:00,0.07467,0.07504,0.0744,0.07443,1735909.0
2025-09-26 20:30:00+00:00,0.0744,0.07471,0.0737,0.07379,1653225.0
2025-09-26 20:45:00+00:00,0.07381,0.07454,0.0738,0.07446,1062048.0
2025-09-26 21:00:00+00:00,0.07445,0.07463,0.07379,0.07463,1370411.0
2025-09-26 21:15:00+00:00,0.07464,0.0747,0.0741,0.07425,1566943.0
2025-09-26 21:30:00+00:00,0.07423,0.07452,0.07398,0.07412,1082022.0
2025-09-26 21:45:00+00:00,0.07415,0.07455,0.07409,0.07423,854072.0
2025-09-26 22:00:00+00:00,0.07425,0.0747,0.07339,0.0737,2550184.0
2025-09-26 22:15:00+00:00,0.0737,0.07388,0.0731,0.07352,1434001.0
2025-09-26 22:30:00+00:00,0.07352,0.07392,0.07303,0.07373,1431579.0
2025-09-26 22:45:00+00:00,0.07373,0.07413,0.07369,0.07387,1286439.0
2025-09-26 23:00:00+00:00,0.07387,0.0739,0.07274,0.07379,2507316.0
2025-09-26 23:15:00+00:00,0.07379,0.07451,0.07369,0.07396,1969811.0
2025-09-26 23:30:00+00:00,0.07395,0.07493,0.07382,0.07476,1681863.0
2025-09-26 23:45:00+00:00,0.07475,0.07638,0.07468,0.07559,3191827.0
2025-09-27 00:00:00+00:00,0.07559,0.07581,0.07497,0.07525,2791600.0
2025-09-27 00:15:00+00:00,0.07525,0.07531,0.07439,0.0744,1490671.0
2025-09-27 00:30:00+00:00,0.07441,0.07444,0.07382,0.07416,1980147.0
2025-09-27 00:45:00+00:00,0.07415,0.07462,0.07378,0.07397,1743176.0
2025-09-27 01:00:00+00:00,0.07397,0.07436,0.07384,0.07389,2080486.0
2025-09-27 01:15:00+00:00,0.07389,0.07425,0.07289,0.073,4422174.0
2025-09-27 01:30:00+00:00,0.07301,0.07315,0.07251,0.07282,2194620.0
2025-09-27 01:45:00+00:00,0.07279,0.07288,0.07206,0.07217,2156371.0
2025-09-27 02:00:00+00:00,0.07216,0.07304,0.07209,0.07292,2317612.0
2025-09-27 02:15:00+00:00,0.07291,0.07348,0.07244,0.07332,1661590.0
2025-09-27 02:30:00+00:00,0.07329,0.07377,0.07322,0.07363,1611363.0
2025-09-27 02:45:00+00:00,0.07362,0.07453,0.07348,0.07411,2423600.0
2025-09-27 03:00:00+00:00,0.07412,0.07504,0.07375,0.07387,3014440.0
2025-09-27 03:15:00+00:00,0.07386,0.07441,0.07381,0.07408,1496348.0
2025-09-27 03:30:00+00:00,0.07407,0.0753,0.07384,0.07513,2362392.0
2025-09-27 03:45:00+00:00,0.07513,0.07543,0.07494,0.0752,1847207.0
2025-09-27 04:00:00+00:00,0.0752,0.07543,0.07425,0.07543,2811352.0
2025-09-27 04:15:00+00:00,0.07542,0.07567,0.07507,0.07518,1593997.0
2025-09-27 04:30:00+00:00,0.07518,0.07596,0.07467,0.07573,2265512.0
2025-09-27 04:45:00+00:00,0.07572,0.07643,0.07554,0.0763,1647808.0
2025-09-27 05:00:00+00:00,0.0763,0.07631,0.07549,0.07588,2015598.0
2025-09-27 05:15:00+00:00,0.07587,0.07737,0.07566,0.07702,3043881.0
2025-09-27 05:30:00+00:00,0.07701,0.07733,0.0766,0.07705,2786172.0
2025-09-27 05:45:00+00:00,0.07704,0.07817,0.07659,0.07672,4961025.0
2025-09-27 06:00:00+00:00,0.07671,0.07761,0.07654,0.07708,3440668.0
2025-09-27 06:15:00+00:00,0.0771,0.07738,0.07676,0.07692,1253476.0
2025-09-27 06:30:00+00:00,0.07691,0.07793,0.07682,0.07698,2034560.0
2025-09-27 06:45:00+00:00,0.07697,0.07817,0.07675,0.07796,1640368.0
2025-09-27 07:00:00+00:00,0.07797,0.07841,0.07734,0.07741,2470696.0
2025-09-27 07:15:00+00:00,0.07741,0.07836,0.07719,0.07825,2126027.0
2025-09-27 07:30:00+00:00,0.07824,0.07824,0.07764,0.07794,1907739.0
2025-09-27 07:45:00+00:00,0.07796,0.07877,0.0776,0.07859,3017154.0
2025-09-27 08:00:00+00:00,0.07864,0.07983,0.07853,0.07962,4058587.0
2025-09-27 08:15:00+00:00,0.07962,0.08162,0.07957,0.0808,7227712.0
2025-09-27 08:30:00+00:00,0.08081,0.08103,0.07966,0.07991,3509498.0
2025-09-27 08:45:00+00:00,0.0799,0.08007,0.07932,0.0794,2097925.0
2025-09-27 09:00:00+00:00,0.0794,0.07995,0.07869,0.07895,3893386.0
2025-09-27 09:15:00+00:00,0.07893,0.07944,0.07854,0.07933,2213534.0
2025-09-27 09:30:00+00:00,0.07934,0.07999,0.07899,0.07991,2047983.0
2025-09-27 09:45:00+00:00,0.07989,0.07989,0.07899,0.07902,1582915.0
2025-09-27 10:00:00+00:00,0.07901,0.07901,0.07783,0.07834,2246148.0
2025-09-27 10:15:00+00:00,0.07835,0.07856,0.07771,0.07841,1674074.0
2025-09-27 10:30:00+00:00,0.07838,0.07904,0.07822,0.07839,1425807.0
2025-09-27 10:45:00+00:00,0.07839,0.0788,0.07815,0.07834,774765.0
2025-09-27 11:00:00+00:00,0.07836,0.07844,0.07759,0.07792,1499512.0
2025-09-27 11:15:00+00:00,0.07793,0.07853,0.07777,0.07804,1181630.0
2025-09-27 11:30:00+00:00,0.07803,0.07931,0.07798,0.0792,1578960.0
2025-09-27 11:45:00+00:00,0.07914,0.07935,0.0786,0.07861,1479754.0
2025-09-27 12:00:00+00:00,0.0786,0.07948,0.07853,0.07948,2341455.0
2025-09-27 12:15:00+00:00,0.07948,0.08031,0.0788,0.08031,2714707.0
2025-09-27 12:30:00+00:00,0.0803,0.08202,0.07991,0.08186,5355932.0
2025-09-27 12:45:00+00:00,0.08186,0.08424,0.08186,0.08384,9104700.0
2025-09-27 13:00:00+00:00,0.08391,0.08586,0.08372,0.08532,10823764.0
2025-09-27 13:15:00+00:00,0.08529,0.08668,0.08405,0.08441,11769282.0
2025-09-27 13:30:00+00:00,0.08439,0.08651,0.08438,0.08576,6892774.0
2025-09-27 13:45:00+00:00,0.08574,0.08785,0.08538,0.08631,9019025.0
2025-09-27 14:00:00+00:00,0.08624,0.08653,0.08414,0.08465,10432106.0
2025-09-27 14:15:00+00:00,0.0846,0.08479,0.0832,0.08449,5994108.0
2025-09-27 14:30:00+00:00,0.08447,0.0851,0.08366,0.08436,4310585.0
2025-09-27 14:45:00+00:00,0.08437,0.08487,0.08385,0.08399,2922704.0
2025-09-27 15:00:00+00:00,0.08398,0.08469,0.08328,0.08372,3058266.0
2025-09-27 15:15:00+00:00,0.08371,0.08497,0.08358,0.08436,1961362.0
2025-09-27 15:30:00+00:00,0.08436,0.0846,0.08389,0.08454,1993725.0
2025-09-27 15:45:00+00:00,0.08453,0.08511,0.08444,0.08444,2403867.0
2025-09-27 16:00:00+00:00,0.08444,0.08472,0.08401,0.08434,2757690.0
2025-09-27 16:15:00+00:00,0.08435,0.08472,0.08353,0.08391,2894308.0
2025-09-27 16:30:00+00:00,0.08392,0.0857,0.08392,0.08554,3369805.0
2025-09-27 16:45:00+00:00,0.08552,0.08578,0.0824,0.0829,5695811.0
2025-09-27 17:00:00+00:00,0.0829,0.08296,0.0818,0.08209,4285571.0
2025-09-27 17:15:00+00:00,0.08205,0.08205,0.0813,0.08163,2165329.0
2025-09-27 17:30:00+00:00,0.08163,0.08207,0.08142,0.08154,2054716.0
2025-09-27 17:45:00+00:00,0.08153,0.08195,0.08131,0.08141,1405945.0
2025-09-27 18:00:00+00:00,0.08141,0.08208,0.08122,0.08144,1811307.0
2025-09-27 18:15:00+00:00,0.08144,0.08149,0.08051,0.08112,1833751.0
2025-09-27 18:30:00+00:00,0.08112,0.08134,0.08063,0.08079,1174987.0
2025-09-27 18:45:00+00:00,0.08078,0.08094,0.08012,0.08029,960523.0
2025-09-27 19:00:00+00:00,0.08033,0.08086,0.08031,0.08063,1074935.0
2025-09-27 19:15:00+00:00,0.08059,0.08111,0.08052,0.08098,640100.0
2025-09-27 19:30:00+00:00,0.081,0.08109,0.08015,0.08021,913175.0
2025-09-27 19:45:00+00:00,0.08024,0.08129,0.08017,0.08129,707721.0
2025-09-27 20:00:00+00:00,0.08127,0.08188,0.08084,0.08106,2435479.0
2025-09-27 20:15:00+00:00,0.08109,0.08129,0.0808,0.08114,763087.0
2025-09-27 20:30:00+00:00,0.08116,0.08171,0.08064,0.08067,1137719.0
2025-09-27 20:45:00+00:00,0.08067,0.08106,0.08051,0.081,593924.0
2025-09-27 21:00:00+00:00,0.08101,0.08101,0.08026,0.08042,1083748.0
2025-09-27 21:15:00+00:00,0.08045,0.08175,0.08036,0.08158,2415125.0
2025-09-27 21:30:00+00:00,0.0816,0.08337,0.08156,0.08282,2716463.0
2025-09-27 21:45:00+00:00,0.08283,0.0835,0.08243,0.08343,1342500.0
2025-09-27 22:00:00+00:00,0.08343,0.08488,0.08341,0.08428,3363867.0
2025-09-27 22:15:00+00:00,0.08429,0.08554,0.08428,0.08551,2559175.0
2025-09-27 22:30:00+00:00,0.08551,0.08834,0.08551,0.08798,6689373.0
2025-09-27 22:45:00+00:00,0.088,0.08843,0.08618,0.0876,6429638.0
2025-09-27 23:00:00+00:00,0.08762,0.08887,0.08609,0.08673,5966246.0
2025-09-27 23:15:00+00:00,0.08673,0.08754,0.08529,0.08647,5058350.0
2025-09-27 23:30:00+00:00,0.08647,0.08673,0.08569,0.08617,2893330.0
2025-09-27 23:45:00+00:00,0.08616,0.08746,0.08589,0.08606,2333773.0
2025-09-28 00:00:00+00:00,0.08602,0.08669,0.08449,0.08459,4634451.0
2025-09-28 00:15:00+00:00,0.08458,0.0856,0.08401,0.08482,2112594.0
2025-09-28 00:30:00+00:00,0.08481,0.0855,0.08477,0.08494,1451394.0
2025-09-28 00:45:00+00:00,0.08495,0.08572,0.08486,0.08542,1820732.0
2025-09-28 01:00:00+00:00,0.08541,0.08551,0.08376,0.08534,3268539.0
2025-09-28 01:15:00+00:00,0.08535,0.08667,0.08462,0.08612,4238109.0
2025-09-28 01:30:00+00:00,0.08611,0.08618,0.08454,0.08521,2830248.0
2025-09-28 01:45:00+00:00,0.08515,0.08653,0.08504,0.08591,2650202.0
2025-09-28 02:00:00+00:00,0.0859,0.08607,0.08433,0.08527,2739216.0
2025-09-28 02:15:00+00:00,0.08526,0.0866,0.08492,0.08656,1683092.0
2025-09-28 02:30:00+00:00,0.08655,0.088,0.08613,0.08615,4377599.0
2025-09-28 02:45:00+00:00,0.08614,0.08645,0.08432,0.08458,3119924.0
2025-09-28 03:00:00+00:00,0.0846,0.08676,0.0846,0.08608,2754099.0
2025-09-28 03:15:00+00:00,0.08606,0.08745,0.08592,0.0874,3834764.0
2025-09-28 03:30:00+00:00,0.08741,0.08834,0.08568,0.08819,6842547.0
2025-09-28 03:45:00+00:00,0.08823,0.0895,0.08783,0.08833,4072784.0
2025-09-28 04:00:00+00:00,0.08832,0.08832,0.0861,0.08664,4494383.0
2025-09-28 04:15:00+00:00,0.08666,0.08686,0.08532,0.08543,2609580.0
2025-09-28 04:30:00+00:00,0.0854,0.08667,0.08526,0.08599,2441894.0
2025-09-28 04:45:00+00:00,0.08599,0.08614,0.08493,0.08525,1701720.0
2025-09-28 05:00:00+00:00,0.08527,0.08592,0.0835,0.08394,5344943.0
2025-09-28 05:15:00+00:00,0.08394,0.08508,0.08391,0.08498,1941161.0
2025-09-28 05:30:00+00:00,0.08497,0.08519,0.08445,0.08457,1358250.0
2025-09-28 05:45:00+00:00,0.08458,0.08465,0.08405,0.08426,1026511.0
2025-09-28 06:00:00+00:00,0.08426,0.08534,0.084,0.08494,2045648.0
2025-09-28 06:15:00+00:00,0.08493,0.08511,0.08317,0.08364,5093482.0
2025-09-28 06:30:00+00:00,0.08365,0.08438,0.08261,0.08422,3702957.0
2025-09-28 06:45:00+00:00,0.08422,0.08505,0.08392,0.08417,1683203.0
2025-09-28 07:00:00+00:00,0.08419,0.0842,0.0828,0.08324,1879067.0
2025-09-28 07:15:00+00:00,0.08324,0.08382,0.0827,0.08277,1429949.0
2025-09-28 07:30:00+00:00,0.08279,0.08302,0.08226,0.08235,1950532.0
2025-09-28 07:45:00+00:00,0.08237,0.08253,0.08191,0.08229,1091258.0
2025-09-28 08:00:00+00:00,0.08229,0.08255,0.08084,0.08197,3180848.0
2025-09-28 08:15:00+00:00,0.08198,0.0823,0.0811,0.0814,2172600.0
2025-09-28 08:30:00+00:00,0.08137,0.08172,0.08112,0.08166,1095328.0
2025-09-28 08:45:00+00:00,0.08165,0.08219,0.08147,0.08155,1181580.0
2025-09-28 09:00:00+00:00,0.08154,0.08189,0.08073,0.08107,1430605.0
2025-09-28 09:15:00+00:00,0.0811,0.08135,0.08053,0.08103,1164555.0
2025-09-28 09:30:00+00:00,0.08101,0.08106,0.08059,0.08074,767769.0
2025-09-28 09:45:00+00:00,0.0807,0.0808,0.0797,0.08021,1688849.0
2025-09-28 10:00:00+00:00,0.08018,0.08023,0.07958,0.07969,1821374.0
2025-09-28 10:15:00+00:00,0.07968,0.07969,0.07916,0.07955,1505104.0
2025-09-28 10:30:00+00:00,0.07954,0.08012,0.07952,0.07997,833886.0
2025-09-28 10:45:00+00:00,0.07998,0.08031,0.07978,0.08014,795966.0
2025-09-28 11:00:00+00:00,0.08013,0.08059,0.07968,0.08044,967469.0
2025-09-28 11:15:00+00:00,0.08044,0.08224,0.08006,0.0808,2526280.0
2025-09-28 11:30:00+00:00,0.08076,0.08195,0.08073,0.08183,1724733.0
2025-09-28 11:45:00+00:00,0.08184,0.08194,0.08109,0.08142,1294680.0
2025-09-28 12:00:00+00:00,0.0814,0.08231,0.0814,0.08162,1730870.0
2025-09-28 12:15:00+00:00,0.08163,0.08226,0.0813,0.08179,1248352.0
2025-09-28 12:30:00+00:00,0.08182,0.0819,0.08115,0.08161,1010949.0
2025-09-28 12:45:00+00:00,0.0816,0.08234,0.0811,0.08167,1299899.0
2025-09-28 13:00:00+00:00,0.08167,0.08205,0.08139,0.08145,1143340.0
2025-09-28 13:15:00+00:00,0.08139,0.08274,0.08135,0.08251,1720405.0
2025-09-28 13:30:00+00:00,0.0825,0.08257,0.08202,0.08216,773851.0
2025-09-28 13:45:00+00:00,0.08216,0.08236,0.08145,0.0821,1274962.0
2025-09-28 14:00:00+00:00,0.08211,0.0825,0.08168,0.08171,1217939.0
2025-09-28 14:15:00+00:00,0.08176,0.08241,0.08145,0.08207,1149810.0
2025-09-28 14:30:00+00:00,0.08209,0.0831,0.08196,0.08286,809725.0
2025-09-28 14:45:00+00:00,0.08284,0.08311,0.08234,0.08258,725166.0
2025-09-28 15:00:00+00:00,0.08261,0.08295,0.08206,0.0827,1145573.0
2025-09-28 15:15:00+00:00,0.08269,0.08307,0.08244,0.08277,740269.0
2025-09-28 15:30:00+00:00,0.08278,0.08334,0.08247,0.08284,715872.0
2025-09-28 15:45:00+00:00,0.08286,0.08307,0.08268,0.08269,567530.0
2025-09-28 16:00:00+00:00,0.08273,0.08374,0.08258,0.08342,1171279.0
2025-09-28 16:15:00+00:00,0.08342,0.08391,0.08319,0.08368,1180413.0
2025-09-28 16:30:00+00:00,0.08368,0.0837,0.0832,0.08355,470992.0
2025-09-28 16:45:00+00:00,0.08355,0.08393,0.08338,0.08379,461332.0
2025-09-28 17:00:00+00:00,0.08379,0.08471,0.08361,0.08443,1204716.0
2025-09-28 17:15:00+00:00,0.08446,0.08447,0.08358,0.08384,1120182.0
2025-09-28 17:30:00+00:00,0.08383,0.08449,0.08374,0.08439,611793.0
2025-09-28 17:45:00+00:00,0.08438,0.08465,0.08413,0.08421,513930.0
2025-09-28 18:00:00+00:00,0.0842,0.08503,0.08403,0.08482,1203677.0
2025-09-28 18:15:00+00:00,0.08482,0.08564,0.08476,0.08538,897462.0
2025-09-28 18:30:00+00:00,0.08538,0.08813,0.08523,0.08767,3702810.0
2025-09-28 18:45:00+00:00,0.08767,0.08836,0.08681,0.08708,3025128.0
2025-09-28 19:00:00+00:00,0.08707,0.08928,0.08697,0.08874,2383006.0
2025-09-28 19:15:00+00:00,0.08877,0.08884,0.08705,0.08731,2417180.0
2025-09-28 19:30:00+00:00,0.08732,0.08758,0.08706,0.08741,978095.0
2025-09-28 19:45:00+00:00,0.08739,0.08774,0.08678,0.08774,880354.0
2025-09-28 20:00:00+00:00,0.08774,0.08855,0.08774,0.08812,1579282.0
2025-09-28 20:15:00+00:00,0.08811,0.08845,0.08718,0.08732,1261802.0
2025-09-28 20:30:00+00:00,0.0873,0.08811,0.08726,0.08778,833874.0
2025-09-28 20:45:00+00:00,0.08777,0.08806,0.08723,0.08724,754701.0
2025-09-28 21:00:00+00:00,0.08724,0.08736,0.08661,0.08705,854723.0
2025-09-28 21:15:00+00:00,0.08704,0.08739,0.08678,0.0868,433238.0
2025-09-28 21:30:00+00:00,0.08678,0.08698,0.08628,0.08639,652197.0
2025-09-28 21:45:00+00:00,0.08638,0.08647,0.08586,0.08639,844258.0
2025-09-28 22:00:00+00:00,0.08642,0.08771,0.08642,0.08748,1316636.0
2025-09-28 22:15:00+00:00,0.08745,0.08755,0.08604,0.08684,1427826.0
2025-09-28 22:30:00+00:00,0.08682,0.08696,0.08616,0.08642,663906.0
2025-09-28 22:45:00+00:00,0.08635,0.08646,0.08555,0.08605,1123695.0
2025-09-28 23:00:00+00:00,0.08605,0.08616,0.08569,0.08572,775338.0
2025-09-28 23:15:00+00:00,0.0857,0.08573,0.08504,0.08541,1556931.0
2025-09-28 23:30:00+00:00,0.08542,0.08572,0.08525,0.08545,752930.0
2025-09-28 23:45:00+00:00,0.08544,0.08644,0.08541,0.08593,1329832.0
2025-09-29 00:00:00+00:00,0.08592,0.08686,0.08544,0.0864,1877947.0
2025-09-29 00:15:00+00:00,0.0864,0.08761,0.08615,0.08717,2224719.0
2025-09-29 00:30:00+00:00,0.08717,0.08765,0.08636,0.08645,3300292.0
2025-09-29 00:45:00+00:00,0.08648,0.08666,0.08601,0.08614,1227930.0
2025-09-29 01:00:00+00:00,0.08618,0.08687,0.08614,0.08635,902343.0
2025-09-29 01:15:00+00:00,0.08636,0.08678,0.08591,0.08678,1262751.0
2025-09-29 01:30:00+00:00,0.08678,0.0884,0.08678,0.08829,1501828.0
2025-09-29 01:45:00+00:00,0.08828,0.08857,0.08742,0.08796,1223121.0
2025-09-29 02:00:00+00:00,0.08798,0.08971,0.0878,0.08949,2234031.0
2025-09-29 02:15:00+00:00,0.0895,0.09081,0.08894,0.09064,2989186.0
2025-09-29 02:30:00+00:00,0.09063,0.0918,0.0905,0.09179,4269911.0
2025-09-29 02:45:00+00:00,0.09178,0.09303,0.09113,0.09289,2838525.0
2025-09-29 03:00:00+00:00,0.09294,0.09433,0.09185,0.09423,5295023.0
2025-09-29 03:15:00+00:00,0.09424,0.09473,0.09287,0.0939,3888571.0
2025-09-29 03:30:00+00:00,0.09391,0.0959,0.09201,0.09582,4615833.0
2025-09-29 03:45:00+00:00,0.09582,0.09662,0.09391,0.09478,5721104.0
2025-09-29 04:00:00+00:00,0.09479,0.09706,0.09477,0.09674,4672836.0
2025-09-29 04:15:00+00:00,0.09672,0.09946,0.09622,0.0987,8223153.0
2025-09-29 04:30:00+00:00,0.09872,0.09883,0.09695,0.09821,7564618.0
2025-09-29 04:45:00+00:00,0.09824,0.09845,0.09684,0.09838,3277503.0
2025-09-29 05:00:00+00:00,0.0984,0.10249,0.09791,0.10211,12232106.0
2025-09-29 05:15:00+00:00,0.10212,0.10362,0.09809,0.09826,22599399.0
2025-09-29 05:30:00+00:00,0.09828,0.10017,0.0964,0.09719,12314245.0
2025-09-29 05:45:00+00:00,0.09719,0.09886,0.09691,0.09838,4205228.0
2025-09-29 06:00:00+00:00,0.0984,0.10098,0.0984,0.09985,7868727.0
2025-09-29 06:15:00+00:00,0.09986,0.10336,0.0986,0.10195,13293150.0
2025-09-29 06:30:00+00:00,0.1019,0.10543,0.1,0.10142,28270073.0
2025-09-29 06:45:00+00:00,0.10136,0.10142,0.09285,0.0936,35912488.0
2025-09-29 07:00:00+00:00,0.0936,0.09429,0.09231,0.09327,11713039.0
2025-09-29 07:15:00+00:00,0.0933,0.09352,0.09192,0.09262,4976261.0
2025-09-29 07:30:00+00:00,0.09268,0.0944,0.09229,0.09349,5384699.0
2025-09-29 07:45:00+00:00,0.0935,0.09465,0.09247,0.09399,5580253.0
2025-09-29 08:00:00+00:00,0.09399,0.09477,0.092,0.09277,7402029.0
2025-09-29 08:15:00+00:00,0.09273,0.09287,0.092,0.09256,3172053.0
2025-09-29 08:30:00+00:00,0.09258,0.09263,0.09156,0.09169,2854894.0
2025-09-29 08:45:00+00:00,0.09167,0.0922,0.09141,0.0916,2583990.0
2025-09-29 09:00:00+00:00,0.0916,0.09241,0.08939,0.09031,9165936.0
2025-09-29 09:15:00+00:00,0.09034,0.09066,0.08986,0.09014,3646743.0
2025-09-29 09:30:00+00:00,0.09012,0.09142,0.08878,0.08968,4263972.0
2025-09-29 09:45:00+00:00,0.08968,0.08973,0.08901,0.08931,1524146.0
2025-09-29 10:00:00+00:00,0.08931,0.0904,0.08901,0.08923,2665239.0
2025-09-29 10:15:00+00:00,0.08921,0.08954,0.08886,0.08924,1575988.0
2025-09-29 10:30:00+00:00,0.0892,0.08939,0.08824,0.08836,2342282.0
2025-09-29 10:45:00+00:00,0.08836,0.08839,0.08753,0.08788,2579348.0
2025-09-29 11:00:00+00:00,0.08785,0.08793,0.08606,0.08639,4517556.0
2025-09-29 11:15:00+00:00,0.0864,0.08652,0.08323,0.08384,8884204.0
2025-09-29 11:30:00+00:00,0.08383,0.08421,0.08331,0.08371,3544392.0
2025-09-29 11:45:00+00:00,0.08374,0.08451,0.08374,0.08426,2345380.0
2025-09-29 12:00:00+00:00,0.0842,0.0846,0.08341,0.08408,2567277.0
2025-09-29 12:15:00+00:00,0.08407,0.08452,0.08378,0.08426,1323312.0
2025-09-29 12:30:00+00:00,0.08424,0.08447,0.08284,0.08344,2476434.0
2025-09-29 12:45:00+00:00,0.08344,0.08379,0.0827,0.08289,2216006.0
2025-09-29 13:00:00+00:00,0.08289,0.08427,0.08213,0.08357,4303464.0
2025-09-29 13:15:00+00:00,0.08359,0.08406,0.08337,0.08363,2477535.0
2025-09-29 13:30:00+00:00,0.0836,0.08712,0.08314,0.08692,8763334.0
2025-09-29 13:45:00+00:00,0.08698,0.08821,0.08671,0.08732,5615195.0
2025-09-29 14:00:00+00:00,0.08731,0.08928,0.08724,0.0886,4277013.0
2025-09-29 14:15:00+00:00,0.08859,0.09043,0.08828,0.09016,4480424.0
2025-09-29 14:30:00+00:00,0.09014,0.09173,0.0893,0.09065,4278267.0
2025-09-29 14:45:00+00:00,0.09067,0.09163,0.09042,0.09113,2618234.0
2025-09-29 15:00:00+00:00,0.0911,0.09288,0.09098,0.09244,2760287.0
2025-09-29 15:15:00+00:00,0.09244,0.09283,0.09127,0.09253,2815779.0
2025-09-29 15:30:00+00:00,0.09253,0.09438,0.09228,0.09369,3073775.0
2025-09-29 15:45:00+00:00,0.09374,0.09402,0.09259,0.09283,3169397.0
2025-09-29 16:00:00+00:00,0.09279,0.095,0.09276,0.09492,4108961.0
2025-09-29 16:15:00+00:00,0.09488,0.09783,0.09458,0.0957,8385032.0
2025-09-29 16:30:00+00:00,0.09572,0.09684,0.09501,0.09585,3722077.0
2025-09-29 16:45:00+00:00,0.09586,0.09641,0.0926,0.0937,5407030.0
2025-09-29 17:00:00+00:00,0.09371,0.09487,0.09305,0.09325,4401637.0
2025-09-29 17:15:00+00:00,0.09328,0.09378,0.09206,0.09217,3152751.0
2025-09-29 17:30:00+00:00,0.09219,0.09322,0.09135,0.09245,2815881.0
2025-09-29 17:45:00+00:00,0.09242,0.0925,0.09153,0.0921,2184725.0
2025-09-29 18:00:00+00:00,0.0921,0.0921,0.09062,0.09136,1871245.0
2025-09-29 18:15:00+00:00,0.09134,0.09134,0.08972,0.09062,2436874.0
2025-09-29 18:30:00+00:00,0.09062,0.09139,0.09018,0.09033,1429638.0
2025-09-29 18:45:00+00:00,0.09031,0.09052,0.08957,0.09018,1132101.0
2025-09-29 19:00:00+00:00,0.09019,0.09051,0.08962,0.09001,1518893.0
2025-09-29 19:15:00+00:00,0.08997,0.08999,0.08836,0.08955,2520124.0
2025-09-29 19:30:00+00:00,0.0896,0.08966,0.08894,0.0893,793850.0
2025-09-29 19:45:00+00:00,0.08928,0.09044,0.08906,0.08935,1313711.0
2025-09-29 20:00:00+00:00,0.08937,0.09242,0.08916,0.09156,2643671.0
2025-09-29 20:15:00+00:00,0.09156,0.09161,0.09031,0.09065,1127714.0
2025-09-29 20:30:00+00:00,0.09065,0.09124,0.08995,0.09073,1159523.0
2025-09-29 20:45:00+00:00,0.09073,0.09213,0.09049,0.09198,893619.0
2025-09-29 21:00:00+00:00,0.09203,0.09219,0.09087,0.09092,879205.0
2025-09-29 21:15:00+00:00,0.09095,0.09108,0.09023,0.09073,811494.0
2025-09-29 21:30:00+00:00,0.09078,0.09225,0.09062,0.09154,907016.0
2025-09-29 21:45:00+00:00,0.09153,0.09257,0.09126,0.09242,520559.0
2025-09-29 22:00:00+00:00,0.09243,0.09343,0.09124,0.09209,1960024.0
2025-09-29 22:15:00+00:00,0.09214,0.09269,0.09181,0.09267,738491.0
2025-09-29 22:30:00+00:00,0.09262,0.09501,0.09254,0.09466,1785893.0
2025-09-29 22:45:00+00:00,0.09472,0.09524,0.09329,0.09361,1889192.0
2025-09-29 23:00:00+00:00,0.09363,0.09367,0.09183,0.09263,2357752.0
2025-09-29 23:15:00+00:00,0.09263,0.09312,0.09182,0.09222,1251155.0
2025-09-29 23:30:00+00:00,0.09227,0.09361,0.09227,0.09321,1083207.0
2025-09-29 23:45:00+00:00,0.09323,0.09368,0.09219,0.09342,1577483.0
2025-09-30 00:00:00+00:00,0.09343,0.09538,0.09277,0.09417,2640964.0
2025-09-30 00:15:00+00:00,0.09415,0.09446,0.09307,0.09424,2710685.0
2025-09-30 00:30:00+00:00,0.09433,0.09582,0.09347,0.09515,3191313.0
2025-09-30 00:45:00+00:00,0.09511,0.09532,0.09377,0.09437,2108903.0
2025-09-30 01:00:00+00:00,0.09437,0.09497,0.09372,0.09422,1452649.0
2025-09-30 01:15:00+00:00,0.09418,0.09494,0.09412,0.09422,1080787.0
2025-09-30 01:30:00+00:00,0.09422,0.09467,0.093,0.09384,1657030.0
2025-09-30 01:45:00+00:00,0.09384,0.09401,0.09302,0.09357,1503003.0
2025-09-30 02:00:00+00:00,0.09357,0.09364,0.09257,0.093,1192164.0
2025-09-30 02:15:00+00:00,0.093,0.0931,0.09174,0.0925,1539397.0
2025-09-30 02:30:00+00:00,0.09248,0.09271,0.09184,0.09201,891230.0
2025-09-30 02:45:00+00:00,0.09207,0.09278,0.09131,0.09198,1290618.0
2025-09-30 03:00:00+00:00,0.09196,0.09317,0.09175,0.09234,1368285.0
2025-09-30 03:15:00+00:00,0.09234,0.09242,0.09189,0.0921,675005.0
2025-09-30 03:30:00+00:00,0.09207,0.09295,0.09159,0.09265,1117037.0
2025-09-30 03:45:00+00:00,0.09264,0.09264,0.09168,0.09229,717366.0
2025-09-30 04:00:00+00:00,0.0923,0.0927,0.0913,0.09257,3262228.0
2025-09-30 04:15:00+00:00,0.09256,0.09499,0.09223,0.09456,2906367.0
2025-09-30 04:30:00+00:00,0.09459,0.09602,0.09442,0.0946,2787566.0
2025-09-30 04:45:00+00:00,0.09458,0.09729,0.09431,0.09676,2027147.0
2025-09-30 05:00:00+00:00,0.09675,0.09941,0.09538,0.09699,7552501.0
2025-09-30 05:15:00+00:00,0.09697,0.09814,0.09671,0.09724,2636082.0
2025-09-30 05:30:00+00:00,0.09723,0.09751,0.09659,0.09684,1770987.0
2025-09-30 05:45:00+00:00,0.09688,0.09748,0.0962,0.09688,1267897.0
2025-09-30 06:00:00+00:00,0.09684,0.09719,0.0951,0.0959,2288053.0
2025-09-30 06:15:00+00:00,0.0959,0.09644,0.09451,0.0946,1630105.0
2025-09-30 06:30:00+00:00,0.09458,0.09471,0.09238,0.09368,3284253.0
2025-09-30 06:45:00+00:00,0.09367,0.09408,0.09252,0.09256,1738183.0
2025-09-30 07:00:00+00:00,0.09255,0.09276,0.09009,0.09036,4618137.0
2025-09-30 07:15:00+00:00,0.09037,0.09037,0.08741,0.08831,4630972.0
2025-09-30 07:30:00+00:00,0.08829,0.08859,0.08626,0.08733,2849954.0
2025-09-30 07:45:00+00:00,0.08728,0.08785,0.08698,0.087,2270665.0
2025-09-30 08:00:00+00:00,0.087,0.08719,0.08595,0.08706,2496897.0
2025-09-30 08:15:00+00:00,0.08703,0.08778,0.08613,0.08732,2671600.0
2025-09-30 08:30:00+00:00,0.08732,0.0874,0.08626,0.08656,1665086.0
2025-09-30 08:45:00+00:00,0.08656,0.08921,0.08644,0.08862,5098011.0
2025-09-30 09:00:00+00:00,0.08861,0.08946,0.0881,0.08837,2175755.0
2025-09-30 09:15:00+00:00,0.08837,0.08982,0.08794,0.08832,2557891.0
2025-09-30 09:30:00+00:00,0.08832,0.08852,0.08735,0.08748,1648354.0
2025-09-30 09:45:00+00:00,0.08745,0.08745,0.08668,0.08678,1095214.0
2025-09-30 10:00:00+00:00,0.08677,0.08757,0.08609,0.0864,2640361.0
2025-09-30 10:15:00+00:00,0.0864,0.08796,0.0861,0.08766,2520328.0
2025-09-30 10:30:00+00:00,0.08764,0.08769,0.08681,0.08694,1369120.0
2025-09-30 10:45:00+00:00,0.08695,0.08922,0.08675,0.08922,1787901.0
2025-09-30 11:00:00+00:00,0.08924,0.08937,0.08726,0.0874,2374005.0
2025-09-30 11:15:00+00:00,0.08739,0.08739,0.08619,0.08619,1264378.0
2025-09-30 11:30:00+00:00,0.08618,0.08704,0.08585,0.08699,1851708.0
2025-09-30 11:45:00+00:00,0.08703,0.08713,0.08555,0.08585,1326557.0
2025-09-30 12:00:00+00:00,0.08583,0.08613,0.08501,0.08542,1794089.0
2025-09-30 12:15:00+00:00,0.08539,0.08616,0.0853,0.08584,1101528.0
2025-09-30 12:30:00+00:00,0.08585,0.08585,0.08448,0.08481,1748897.0
2025-09-30 12:45:00+00:00,0.08479,0.08559,0.08477,0.08524,1033134.0
2025-09-30 13:00:00+00:00,0.08525,0.08525,0.08336,0.0843,4808630.0
2025-09-30 13:15:00+00:00,0.0843,0.08488,0.08412,0.08447,1037201.0
2025-09-30 13:30:00+00:00,0.08445,0.08463,0.08334,0.08458,1536969.0
2025-09-30 13:45:00+00:00,0.08457,0.08491,0.08365,0.08418,1146064.0
2025-09-30 14:00:00+00:00,0.08408,0.08452,0.08374,0.08431,891121.0
2025-09-30 14:15:00+00:00,0.08431,0.08484,0.08313,0.08354,2165156.0
2025-09-30 14:30:00+00:00,0.08352,0.08462,0.08329,0.08434,1197291.0
2025-09-30 14:45:00+00:00,0.08435,0.08499,0.08387,0.08415,1099135.0
2025-09-30 15:00:00+00:00,0.08414,0.08435,0.08339,0.08426,1242858.0
2025-09-30 15:15:00+00:00,0.08421,0.08494,0.08336,0.08373,2683503.0
2025-09-30 15:30:00+00:00,0.08369,0.08439,0.08352,0.08425,1216725.0
2025-09-30 15:45:00+00:00,0.08424,0.08427,0.08357,0.08394,1369262.0
2025-09-30 16:00:00+00:00,0.08398,0.08541,0.08394,0.0847,2407108.0
2025-09-30 16:15:00+00:00,0.08469,0.08496,0.0841,0.08438,1316260.0
2025-09-30 16:30:00+00:00,0.08442,0.08477,0.08378,0.08472,1310896.0
2025-09-30 16:45:00+00:00,0.08466,0.08579,0.08444,0.08568,1754064.0
2025-09-30 17:00:00+00:00,0.08567,0.08651,0.08549,0.08574,1658215.0
2025-09-30 17:15:00+00:00,0.08573,0.08598,0.08528,0.08596,1225266.0
2025-09-30 17:30:00+00:00,0.08596,0.08716,0.0858,0.0867,1545951.0
2025-09-30 17:45:00+00:00,0.08668,0.08755,0.08655,0.08726,975997.0
2025-09-30 18:00:00+00:00,0.08726,0.08726,0.08623,0.08668,1566207.0
2025-09-30 18:15:00+00:00,0.08666,0.08688,0.08613,0.08631,1124966.0
2025-09-30 18:30:00+00:00,0.0863,0.0863,0.08558,0.08562,968728.0
2025-09-30 18:45:00+00:00,0.08564,0.08583,0.08507,0.08526,805092.0
2025-09-30 19:00:00+00:00,0.08526,0.08568,0.08463,0.08465,856833.0
2025-09-30 19:15:00+00:00,0.08465,0.08495,0.08429,0.08462,606875.0
2025-09-30 19:30:00+00:00,0.0846,0.0849,0.08426,0.08442,759327.0
2025-09-30 19:45:00+00:00,0.08435,0.08474,0.08422,0.08427,687646.0
2025-09-30 20:00:00+00:00,0.08426,0.0847,0.08372,0.08393,912182.0
2025-09-30 20:15:00+00:00,0.08394,0.08464,0.08394,0.0846,509236.0
2025-09-30 20:30:00+00:00,0.08462,0.0849,0.08431,0.08454,578181.0
2025-09-30 20:45:00+00:00,0.08453,0.08558,0.08428,0.08554,825275.0
2025-09-30 21:00:00+00:00,0.08555,0.08568,0.08493,0.08531,765348.0
2025-09-30 21:15:00+00:00,0.08532,0.0859,0.0852,0.0857,696355.0
2025-09-30 21:30:00+00:00,0.08568,0.08611,0.0856,0.08573,769747.0
2025-09-30 21:45:00+00:00,0.08573,0.08616,0.08571,0.0859,567369.0
2025-09-30 22:00:00+00:00,0.08591,0.08674,0.08578,0.0867,1045049.0
2025-09-30 22:15:00+00:00,0.08675,0.087,0.08627,0.08645,1100053.0
2025-09-30 22:30:00+00:00,0.08646,0.08651,0.08573,0.08626,932458.0
2025-09-30 22:45:00+00:00,0.08628,0.08645,0.08582,0.08599,759423.0
2025-09-30 23:00:00+00:00,0.08598,0.08604,0.08537,0.08599,1069180.0
2025-09-30 23:15:00+00:00,0.086,0.08808,0.08598,0.08735,1721968.0
2025-09-30 23:30:00+00:00,0.08738,0.08921,0.08735,0.08875,1939893.0
2025-09-30 23:45:00+00:00,0.08872,0.09022,0.08858,0.08983,2162623.0
2025-10-01 00:00:00+00:00,0.08979,0.09016,0.08872,0.09003,2124297.0
2025-10-01 00:15:00+00:00,0.09001,0.091,0.08962,0.09078,1932156.0
2025-10-01 00:30:00+00:00,0.09078,0.09156,0.09051,0.09143,2142913.0
2025-10-01 00:45:00+00:00,0.09143,0.09435,0.0913,0.09398,2724605.0
2025-10-01 01:00:00+00:00,0.094,0.09603,0.09377,0.09498,3995214.0
2025-10-01 01:15:00+00:00,0.09499,0.09585,0.09467,0.09512,2767810.0
2025-10-01 01:30:00+00:00,0.09511,0.09642,0.09429,0.09432,3500880.0
2025-10-01 01:45:00+00:00,0.09433,0.09726,0.09411,0.09634,3252754.0
2025-10-01 02:00:00+00:00,0.09631,0.09719,0.09556,0.09582,2002371.0
2025-10-01 02:15:00+00:00,0.0958,0.0966,0.09564,0.0965,1172558.0
2025-10-01 02:30:00+00:00,0.09646,0.09667,0.0945,0.09562,2742356.0
2025-10-01 02:45:00+00:00,0.09564,0.09572,0.09403,0.09431,2153015.0
2025-10-01 03:00:00+00:00,0.09437,0.09486,0.0935,0.09377,2192472.0
2025-10-01 03:15:00+00:00,0.09374,0.09414,0.09224,0.09253,2375588.0
2025-10-01 03:30:00+00:00,0.09255,0.09289,0.08905,0.08918,5473835.0
2025-10-01 03:45:00+00:00,0.08922,0.09037,0.08862,0.08949,3897482.0
2025-10-01 04:00:00+00:00,0.0895,0.0897,0.08712,0.0878,3382221.0
2025-10-01 04:15:00+00:00,0.08775,0.08946,0.0872,0.08897,2500042.0
2025-10-01 04:30:00+00:00,0.08897,0.09012,0.08866,0.08892,2034276.0
2025-10-01 04:45:00+00:00,0.08894,0.08913,0.0876,0.08799,1373470.0
2025-10-01 05:00:00+00:00,0.08799,0.08863,0.0876,0.08777,1770421.0
2025-10-01 05:15:00+00:00,0.08777,0.08786,0.0872,0.08756,1031198.0
2025-10-01 05:30:00+00:00,0.08756,0.08756,0.08628,0.08748,1400809.0
2025-10-01 05:45:00+00:00,0.08742,0.08893,0.08742,0.08824,1209379.0
2025-10-01 06:00:00+00:00,0.08828,0.0891,0.08788,0.08811,1245150.0
2025-10-01 06:15:00+00:00,0.08805,0.08944,0.08771,0.08907,1599782.0
2025-10-01 06:30:00+00:00,0.08898,0.0934,0.08896,0.09305,5418574.0
2025-10-01 06:45:00+00:00,0.09305,0.09318,0.0915,0.09194,3270422.0
2025-10-01 07:00:00+00:00,0.09195,0.09295,0.09132,0.09249,2498279.0
2025-10-01 07:15:00+00:00,0.09249,0.09356,0.09234,0.09274,1317430.0
2025-10-01 07:30:00+00:00,0.0927,0.09333,0.0922,0.09292,1305021.0
2025-10-01 07:45:00+00:00,0.09294,0.09332,0.09237,0.09281,654223.0
2025-10-01 08:00:00+00:00,0.09286,0.09288,0.09045,0.09155,2570683.0
2025-10-01 08:15:00+00:00,0.09156,0.09185,0.09033,0.09097,1706302.0
